study_id,family,parameter,unit,value_lo,value_hi,value_code,n_values
SID0002,FTIR,ftir_modality,,,,ATR-FTIR,
SID0014,FTIR,ftir_modality,,,,µ-FTIR transmission,
SID0019,FTIR,ftir_modality,,,,µ-FTIR reflectance,
SID0026,FTIR,ftir_modality,,,,µ-FTIR transmission,
SID0027,FTIR,ftir_modality,,,,µ-FTIR transmission,
SID0028,FTIR,ftir_modality,,,,ATR-FTIR,
SID0029,FTIR,ftir_modality,,,,ATR-FTIR,
SID0035,FTIR,ftir_modality,,,,µ-FTIR reflectance,
SID0038,FTIR,ftir_modality,,,,ATR-FTIR,
SID0040,FTIR,ftir_modality,,,,µ-FTIR transmission,
SID0041,FTIR,ftir_modality,,,,ATR-FTIR,
SID0044,FTIR,ftir_modality,,,,ATR-FTIR,
SID0047,FTIR,ftir_modality,,,,ATR-FTIR,
SID0048,FTIR,ftir_modality,,,,µ-FTIR reflectance,
SID0049,FTIR,ftir_modality,,,,µ-FTIR transmission,
SID0050,FTIR,ftir_modality,,,,ATR-FTIR,
SID0051,FTIR,ftir_modality,,,,ATR-FTIR,
SID0059,FTIR,ftir_modality,,,,ATR-FTIR,
SID0061,FTIR,ftir_modality,,,,µ-FTIR transmission,
SID0062,FTIR,ftir_modality,,,,ATR-FTIR,
SID0063,FTIR,ftir_modality,,,,FTIR imaging,
SID0066,FTIR,ftir_modality,,,,µ-FTIR reflectance,
SID0068,FTIR,ftir_modality,,,,µ-FTIR transmission,
SID0069,FTIR,ftir_modality,,,,ATR-FTIR,
SID0070,FTIR,ftir_modality,,,,FTIR imaging,
SID0072,FTIR,ftir_modality,,,,µ-FTIR transmission,
SID0073,FTIR,ftir_modality,,,,ATR-FTIR,
SID0077,FTIR,ftir_modality,,,,ATR-FTIR,
SID0078,FTIR,ftir_modality,,,,ATR-FTIR,
SID0079,FTIR,ftir_modality,,,,ATR-FTIR,
SID0080,FTIR,ftir_modality,,,,µ-FTIR reflectance,
SID0081,FTIR,ftir_modality,,,,ATR-FTIR,
SID0082,FTIR,ftir_modality,,,,µ-FTIR transmission,
SID0084,FTIR,ftir_modality,,,,µ-FTIR reflectance,
SID0086,FTIR,ftir_modality,,,,µ-FTIR transmission,
SID0088,FTIR,ftir_modality,,,,ATR-FTIR,
SID0090,FTIR,ftir_modality,,,,FTIR imaging,
SID0092,FTIR,ftir_modality,,,,µ-FTIR reflectance,
SID0093,FTIR,ftir_modality,,,,ATR-FTIR,
SID0094,FTIR,ftir_modality,,,,µ-FTIR reflectance,
SID0096,FTIR,ftir_modality,,,,µ-FTIR reflectance,
SID0097,FTIR,ftir_modality,,,,ATR-FTIR,
SID0101,FTIR,ftir_modality,,,,µ-FTIR transmission,
SID0102,FTIR,ftir_modality,,,,µ-FTIR reflectance,
SID0103,FTIR,ftir_modality,,,,µ-FTIR reflectance,
SID0104,FTIR,ftir_modality,,,,ATR-FTIR,
SID0106,FTIR,ftir_modality,,,,µ-FTIR reflectance,
SID0108,FTIR,ftir_modality,,,,ATR-FTIR,
SID0115,FTIR,ftir_modality,,,,µ-FTIR reflectance,
SID0126,FTIR,ftir_modality,,,,ATR-FTIR,
SID0129,FTIR,ftir_modality,,,,µ-FTIR reflectance,
SID0130,FTIR,ftir_modality,,,,ATR-FTIR,
SID0131,FTIR,ftir_modality,,,,FTIR imaging,
SID0133,FTIR,ftir_modality,,,,ATR-FTIR,
SID0136,FTIR,ftir_modality,,,,µ-FTIR transmission,
SID0138,FTIR,ftir_modality,,,,µ-FTIR transmission,
SID0141,FTIR,ftir_modality,,,,µ-FTIR reflectance,
SID0144,FTIR,ftir_modality,,,,ATR-FTIR,
SID0145,FTIR,ftir_modality,,,,FTIR imaging,
SID0147,FTIR,ftir_modality,,,,µ-FTIR transmission,
SID0148,FTIR,ftir_modality,,,,FTIR imaging,
SID0151,FTIR,ftir_modality,,,,µ-FTIR transmission,
SID0152,FTIR,ftir_modality,,,,µ-FTIR reflectance,
SID0158,FTIR,ftir_modality,,,,ATR-FTIR,
SID0162,FTIR,ftir_modality,,,,ATR-FTIR,
SID0171,FTIR,ftir_modality,,,,ATR-FTIR,
SID0172,FTIR,ftir_modality,,,,µ-FTIR transmission,
SID0174,FTIR,ftir_modality,,,,ATR-FTIR,
SID0175,FTIR,ftir_modality,,,,ATR-FTIR,
SID0180,FTIR,ftir_modality,,,,µ-FTIR transmission,
SID0181,FTIR,ftir_modality,,,,ATR-FTIR,
SID0182,FTIR,ftir_modality,,,,µ-FTIR reflectance,
SID0185,FTIR,ftir_modality,,,,ATR-FTIR,
SID0187,FTIR,ftir_modality,,,,ATR-FTIR,
SID0189,FTIR,ftir_modality,,,,µ-FTIR transmission,
SID0191,FTIR,ftir_modality,,,,ATR-FTIR,
SID0193,FTIR,ftir_modality,,,,ATR-FTIR,
SID0194,FTIR,ftir_modality,,,,ATR-FTIR,
SID0196,FTIR,ftir_modality,,,,ATR-FTIR,
SID0197,FTIR,ftir_modality,,,,ATR-FTIR,
SID0198,FTIR,ftir_modality,,,,µ-FTIR reflectance,
SID0202,FTIR,ftir_modality,,,,ATR-FTIR,
SID0205,FTIR,ftir_modality,,,,ATR-FTIR,
SID0208,FTIR,ftir_modality,,,,µ-FTIR reflectance,
SID0210,FTIR,ftir_modality,,,,µ-FTIR transmission,
SID0212,FTIR,ftir_modality,,,,ATR-FTIR,
SID0213,FTIR,ftir_modality,,,,ATR-FTIR,
SID0220,FTIR,ftir_modality,,,,µ-FTIR transmission,
SID0222,FTIR,ftir_modality,,,,ATR-FTIR,
SID0224,FTIR,ftir_modality,,,,µ-FTIR transmission,
SID0233,FTIR,ftir_modality,,,,ATR-FTIR,
SID0238,FTIR,ftir_modality,,,,ATR-FTIR,
SID0245,FTIR,ftir_modality,,,,ATR-FTIR,
SID0246,FTIR,ftir_modality,,,,FTIR imaging,
SID0248,FTIR,ftir_modality,,,,ATR-FTIR,
SID0249,FTIR,ftir_modality,,,,µ-FTIR transmission,
SID0250,FTIR,ftir_modality,,,,ATR-FTIR,
SID0251,FTIR,ftir_modality,,,,ATR-FTIR,
SID0252,FTIR,ftir_modality,,,,ATR-FTIR,
SID0258,FTIR,ftir_modality,,,,ATR-FTIR,
SID0260,FTIR,ftir_modality,,,,µ-FTIR transmission,
SID0264,FTIR,ftir_modality,,,,ATR-FTIR,
SID0265,FTIR,ftir_modality,,,,µ-FTIR transmission,
SID0266,FTIR,ftir_modality,,,,FTIR imaging,
SID0275,FTIR,ftir_modality,,,,FTIR imaging,
SID0289,FTIR,ftir_modality,,,,µ-FTIR transmission,
SID0290,FTIR,ftir_modality,,,,ATR-FTIR,
SID0292,FTIR,ftir_modality,,,,FTIR imaging,
SID0295,FTIR,ftir_modality,,,,µ-FTIR reflectance,
SID0298,FTIR,ftir_modality,,,,ATR-FTIR,
SID0301,FTIR,ftir_modality,,,,FTIR imaging,
SID0316,FTIR,ftir_modality,,,,FTIR imaging,
SID0317,FTIR,ftir_modality,,,,FTIR imaging,
SID0320,FTIR,ftir_modality,,,,µ-FTIR transmission,
SID0346,FTIR,ftir_modality,,,,ATR-FTIR; Other,
SID0354,FTIR,ftir_modality,,,,FTIR imaging,
SID0357,FTIR,ftir_modality,,,,µ-FTIR transmission,
SID0361,FTIR,ftir_modality,,,,µ-FTIR transmission,
SID0362,FTIR,ftir_modality,,,,ATR-FTIR,
SID0377,FTIR,ftir_modality,,,,ATR-FTIR; Other,
SID0399,FTIR,ftir_modality,,,,µ-FTIR transmission,
SID0406,FTIR,ftir_modality,,,,ATR-FTIR,
SID0407,FTIR,ftir_modality,,,,FTIR imaging,
SID0409,FTIR,ftir_modality,,,,ATR-FTIR,
SID0431,FTIR,ftir_modality,,,,µ-FTIR reflectance,
SID0017,FTIR,ftir_modality,,,,ATR-FTIR,
SID0023,FTIR,ftir_modality,,,,ATR-FTIR,
SID0067,FTIR,ftir_modality,,,,ATR-FTIR,
SID0087,FTIR,ftir_modality,,,,ATR-FTIR,
SID0098,FTIR,ftir_modality,,,,FTIR imaging,
SID0107,FTIR,ftir_modality,,,,ATR-FTIR,
SID0117,FTIR,ftir_modality,,,,FTIR imaging,
SID0164,FTIR,ftir_modality,,,,ATR-FTIR,
SID0207,FTIR,ftir_modality,,,,ATR-FTIR,
SID0243,FTIR,ftir_modality,,,,µ-FTIR reflectance,
SID0271,FTIR,ftir_modality,,,,FTIR mapping,
SID0019,FTIR,ftir_detector,,,,MCT,
SID0035,FTIR,ftir_detector,,,,MCT,
SID0047,FTIR,ftir_detector,,,,MCT,
SID0072,FTIR,ftir_detector,,,,MCT,
SID0078,FTIR,ftir_detector,,,,MCT,
SID0080,FTIR,ftir_detector,,,,MCT,
SID0084,FTIR,ftir_detector,,,,MCT,
SID0090,FTIR,ftir_detector,,,,MCT,
SID0096,FTIR,ftir_detector,,,,MCT,
SID0097,FTIR,ftir_detector,,,,MCT,
SID0102,FTIR,ftir_detector,,,,MCT,
SID0136,FTIR,ftir_detector,,,,DTGS,
SID0143,FTIR,ftir_detector,,,,MCT,
SID0152,FTIR,ftir_detector,,,,MCT,
SID0157,FTIR,ftir_detector,,,,MCT,
SID0158,FTIR,ftir_detector,,,,MCT,
SID0210,FTIR,ftir_detector,,,,MCT,
SID0220,FTIR,ftir_detector,,,,MCT,
SID0224,FTIR,ftir_detector,,,,MCT,
SID0232,FTIR,ftir_detector,,,,MCT,
SID0249,FTIR,ftir_detector,,,,MCT,
SID0260,FTIR,ftir_detector,,,,MCT,
SID0265,FTIR,ftir_detector,,,,MCT,
SID0320,FTIR,ftir_detector,,,,MCT,
SID0361,FTIR,ftir_detector,,,,MCT,
SID0431,FTIR,ftir_detector,,,,MCT,
SID0117,FTIR,ftir_detector,,,,MCT,
SID0165,FTIR,ftir_detector,,,,DTGS,
SID0271,FTIR,ftir_detector,,,,MCT,
SID0003,FTIR,ftir_spectral_range,cm-1,975.0,1800.0,,2
SID0014,FTIR,ftir_spectral_range,cm-1,1000.0,4000.0,,2
SID0019,FTIR,ftir_spectral_range,cm-1,400.0,4000.0,,2
SID0026,FTIR,ftir_spectral_range,cm-1,1250.0,4000.0,,2
SID0027,FTIR,ftir_spectral_range,cm-1,400.0,4000.0,,2
SID0028,FTIR,ftir_spectral_range,cm-1,450.0,4000.0,,4
SID0029,FTIR,ftir_spectral_range,cm-1,400.0,4000.0,,2
SID0038,FTIR,ftir_spectral_range,cm-1,400.0,4000.0,,4
SID0040,FTIR,ftir_spectral_range,cm-1,500.0,4000.0,,2
SID0041,FTIR,ftir_spectral_range,cm-1,400.0,4000.0,,2
SID0044,FTIR,ftir_spectral_range,cm-1,400.0,4000.0,,2
SID0047,FTIR,ftir_spectral_range,cm-1,450.0,4000.0,,2
SID0048,FTIR,ftir_spectral_range,cm-1,550.0,4000.0,,4
SID0049,FTIR,ftir_spectral_range,cm-1,500.0,3500.0,,2
SID0050,FTIR,ftir_spectral_range,cm-1,650.0,4000.0,,2
SID0051,FTIR,ftir_spectral_range,cm-1,400.0,4000.0,,2
SID0052,FTIR,ftir_spectral_range,cm-1,400.0,4000.0,,2
SID0060,FTIR,ftir_spectral_range,cm-1,500.0,4000.0,,2
SID0061,FTIR,ftir_spectral_range,cm-1,400.0,4000.0,,2
SID0062,FTIR,ftir_spectral_range,cm-1,400.0,4000.0,,2
SID0063,FTIR,ftir_spectral_range,cm-1,1250.0,3600.0,,2
SID0066,FTIR,ftir_spectral_range,cm-1,500.0,4000.0,,2
SID0068,FTIR,ftir_spectral_range,cm-1,400.0,4000.0,,2
SID0069,FTIR,ftir_spectral_range,cm-1,400.0,4000.0,,2
SID0070,FTIR,ftir_spectral_range,cm-1,695.0,4000.0,,2
SID0073,FTIR,ftir_spectral_range,cm-1,400.0,4000.0,,2
SID0077,FTIR,ftir_spectral_range,cm-1,750.0,4000.0,,2
SID0078,FTIR,ftir_spectral_range,cm-1,675.0,4000.0,,2
SID0079,FTIR,ftir_spectral_range,cm-1,600.0,4000.0,,2
SID0080,FTIR,ftir_spectral_range,cm-1,700.0,4000.0,,2
SID0081,FTIR,ftir_spectral_range,cm-1,650.0,4000.0,,2
SID0082,FTIR,ftir_spectral_range,cm-1,850.0,4000.0,,2
SID0083,FTIR,ftir_spectral_range,cm-1,600.0,4000.0,,2
SID0084,FTIR,ftir_spectral_range,cm-1,600.0,4000.0,,2
SID0086,FTIR,ftir_spectral_range,cm-1,1250.0,4000.0,,2
SID0088,FTIR,ftir_spectral_range,cm-1,650.0,4000.0,,2
SID0092,FTIR,ftir_spectral_range,cm-1,400.0,4000.0,,2
SID0093,FTIR,ftir_spectral_range,cm-1,400.0,4000.0,,2
SID0094,FTIR,ftir_spectral_range,cm-1,675.0,675.0,,1
SID0096,FTIR,ftir_spectral_range,cm-1,600.0,4000.0,,2
SID0097,FTIR,ftir_spectral_range,cm-1,500.0,4000.0,,2
SID0101,FTIR,ftir_spectral_range,cm-1,400.0,4000.0,,2
SID0102,FTIR,ftir_spectral_range,cm-1,850.0,4000.0,,2
SID0104,FTIR,ftir_spectral_range,cm-1,400.0,4000.0,,2
SID0106,FTIR,ftir_spectral_range,cm-1,400.0,4000.0,,2
SID0108,FTIR,ftir_spectral_range,cm-1,650.0,4000.0,,2
SID0115,FTIR,ftir_spectral_range,cm-1,400.0,4000.0,,2
SID0126,FTIR,ftir_spectral_range,cm-1,650.0,4000.0,,2
SID0129,FTIR,ftir_spectral_range,cm-1,600.0,4000.0,,2
SID0130,FTIR,ftir_spectral_range,cm-1,400.0,4500.0,,2
SID0133,FTIR,ftir_spectral_range,cm-1,400.0,4000.0,,2
SID0135,FTIR,ftir_spectral_range,cm-1,400.0,4000.0,,2
SID0136,FTIR,ftir_spectral_range,cm-1,400.0,4000.0,,2
SID0138,FTIR,ftir_spectral_range,cm-1,500.0,4000.0,,2
SID0141,FTIR,ftir_spectral_range,cm-1,500.0,4000.0,,2
SID0143,FTIR,ftir_spectral_range,cm-1,400.0,4000.0,,2
SID0144,FTIR,ftir_spectral_range,cm-1,400.0,4000.0,,2
SID0145,FTIR,ftir_spectral_range,cm-1,600.0,7500.0,,2
SID0147,FTIR,ftir_spectral_range,cm-1,400.0,4000.0,,2
SID0148,FTIR,ftir_spectral_range,cm-1,975.0,1800.0,,2
SID0151,FTIR,ftir_spectral_range,cm-1,400.0,4000.0,,2
SID0152,FTIR,ftir_spectral_range,cm-1,600.0,4000.0,,2
SID0157,FTIR,ftir_spectral_range,cm-1,650.0,4000.0,,2
SID0159,FTIR,ftir_spectral_range,cm-1,650.0,4000.0,,2
SID0167,FTIR,ftir_spectral_range,cm-1,400.0,4000.0,,2
SID0172,FTIR,ftir_spectral_range,cm-1,400.0,4000.0,,2
SID0174,FTIR,ftir_spectral_range,cm-1,650.0,4000.0,,2
SID0175,FTIR,ftir_spectral_range,cm-1,500.0,4000.0,,2
SID0180,FTIR,ftir_spectral_range,cm-1,650.0,4000.0,,2
SID0181,FTIR,ftir_spectral_range,cm-1,599.0,4000.0,,2
SID0182,FTIR,ftir_spectral_range,cm-1,600.0,4000.0,,2
SID0185,FTIR,ftir_spectral_range,cm-1,400.0,4000.0,,2
SID0187,FTIR,ftir_spectral_range,cm-1,500.0,4000.0,,2
SID0189,FTIR,ftir_spectral_range,cm-1,650.0,4000.0,,2
SID0191,FTIR,ftir_spectral_range,cm-1,400.0,4000.0,,2
SID0193,FTIR,ftir_spectral_range,cm-1,450.0,4000.0,,2
SID0194,FTIR,ftir_spectral_range,cm-1,400.0,4000.0,,2
SID0197,FTIR,ftir_spectral_range,cm-1,400.0,4000.0,,2
SID0198,FTIR,ftir_spectral_range,cm-1,400.0,4000.0,,2
SID0199,FTIR,ftir_spectral_range,cm-1,500.0,4000.0,,2
SID0202,FTIR,ftir_spectral_range,cm-1,380.0,4000.0,,2
SID0205,FTIR,ftir_spectral_range,cm-1,600.0,4000.0,,2
SID0206,FTIR,ftir_spectral_range,cm-1,400.0,4000.0,,2
SID0208,FTIR,ftir_spectral_range,cm-1,400.0,4000.0,,2
SID0209,FTIR,ftir_spectral_range,cm-1,950.0,1798.0,,2
SID0210,FTIR,ftir_spectral_range,cm-1,650.0,7800.0,,2
SID0212,FTIR,ftir_spectral_range,cm-1,400.0,4000.0,,2
SID0213,FTIR,ftir_spectral_range,cm-1,400.0,4000.0,,2
SID0214,FTIR,ftir_spectral_range,cm-1,450.0,7600.0,,2
SID0216,FTIR,ftir_spectral_range,cm-1,400.0,4000.0,,2
SID0220,FTIR,ftir_spectral_range,cm-1,550.0,4000.0,,2
SID0222,FTIR,ftir_spectral_range,cm-1,650.0,4000.0,,2
SID0224,FTIR,ftir_spectral_range,cm-1,850.0,3750.0,,2
SID0227,FTIR,ftir_spectral_range,cm-1,400.0,4000.0,,2
SID0232,FTIR,ftir_spectral_range,cm-1,400.0,4000.0,,2
SID0233,FTIR,ftir_spectral_range,cm-1,400.0,4000.0,,2
SID0234,FTIR,ftir_spectral_range,cm-1,450.0,4000.0,,4
SID0238,FTIR,ftir_spectral_range,cm-1,400.0,4000.0,,2
SID0242,FTIR,ftir_spectral_range,cm-1,400.0,4000.0,,2
SID0246,FTIR,ftir_spectral_range,cm-1,400.0,4000.0,,4
SID0248,FTIR,ftir_spectral_range,cm-1,440.0,4000.0,,2
SID0249,FTIR,ftir_spectral_range,cm-1,1250.0,4000.0,,2
SID0250,FTIR,ftir_spectral_range,cm-1,500.0,3500.0,,2
SID0251,FTIR,ftir_spectral_range,cm-1,400.0,4000.0,,2
SID0253,FTIR,ftir_spectral_range,cm-1,900.0,1800.0,,2
SID0256,FTIR,ftir_spectral_range,cm-1,650.0,4000.0,,2
SID0258,FTIR,ftir_spectral_range,cm-1,400.0,4000.0,,2
SID0260,FTIR,ftir_spectral_range,cm-1,1250.0,4000.0,,2
SID0264,FTIR,ftir_spectral_range,cm-1,675.0,4000.0,,2
SID0265,FTIR,ftir_spectral_range,cm-1,850.0,4000.0,,2
SID0267,FTIR,ftir_spectral_range,cm-1,1800.0,1800.0,,1
SID0272,FTIR,ftir_spectral_range,cm-1,900.0,1800.0,,2
SID0275,FTIR,ftir_spectral_range,cm-1,750.0,4000.0,,2
SID0280,FTIR,ftir_spectral_range,cm-1,650.0,4000.0,,2
SID0282,FTIR,ftir_spectral_range,cm-1,900.0,1800.0,,2
SID0288,FTIR,ftir_spectral_range,cm-1,975.0,1800.0,,2
SID0289,FTIR,ftir_spectral_range,cm-1,550.0,4000.0,,2
SID0290,FTIR,ftir_spectral_range,cm-1,500.0,4000.0,,2
SID0292,FTIR,ftir_spectral_range,cm-1,750.0,4000.0,,2
SID0301,FTIR,ftir_spectral_range,cm-1,690.0,4000.0,,2
SID0304,FTIR,ftir_spectral_range,cm-1,975.0,1800.0,,2
SID0309,FTIR,ftir_spectral_range,cm-1,900.0,1800.0,,3
SID0311,FTIR,ftir_spectral_range,cm-1,975.0,1800.0,,3
SID0320,FTIR,ftir_spectral_range,cm-1,1250.0,4000.0,,2
SID0322,FTIR,ftir_spectral_range,cm-1,900.0,1800.0,,2
SID0324,FTIR,ftir_spectral_range,cm-1,900.0,1800.0,,2
SID0327,FTIR,ftir_spectral_range,cm-1,900.0,1800.0,,2
SID0328,FTIR,ftir_spectral_range,cm-1,900.0,1800.0,,2
SID0329,FTIR,ftir_spectral_range,cm-1,800.0,1000.0,,2
SID0335,FTIR,ftir_spectral_range,cm-1,900.0,1800.0,,2
SID0343,FTIR,ftir_spectral_range,cm-1,900.0,1800.0,,2
SID0346,FTIR,ftir_spectral_range,cm-1,975.0,1800.0,,2
SID0350,FTIR,ftir_spectral_range,cm-1,975.0,1800.0,,2
SID0354,FTIR,ftir_spectral_range,cm-1,748.0,2000.0,,4
SID0357,FTIR,ftir_spectral_range,cm-1,600.0,4000.0,,2
SID0361,FTIR,ftir_spectral_range,cm-1,1250.0,4000.0,,2
SID0362,FTIR,ftir_spectral_range,cm-1,400.0,4000.0,,2
SID0365,FTIR,ftir_spectral_range,cm-1,900.0,1800.0,,2
SID0369,FTIR,ftir_spectral_range,cm-1,900.0,1800.0,,3
SID0373,FTIR,ftir_spectral_range,cm-1,900.0,1800.0,,2
SID0382,FTIR,ftir_spectral_range,cm-1,950.0,1800.0,,2
SID0389,FTIR,ftir_spectral_range,cm-1,900.0,1800.0,,3
SID0399,FTIR,ftir_spectral_range,cm-1,1250.0,4000.0,,2
SID0406,FTIR,ftir_spectral_range,cm-1,400.0,4000.0,,2
SID0407,FTIR,ftir_spectral_range,cm-1,900.0,1800.0,,2
SID0409,FTIR,ftir_spectral_range,cm-1,400.0,4000.0,,2
SID0431,FTIR,ftir_spectral_range,cm-1,750.0,4000.0,,2
SID0017,FTIR,ftir_spectral_range,cm-1,500.0,4500.0,,2
SID0065,FTIR,ftir_spectral_range,cm-1,500.0,4000.0,,2
SID0067,FTIR,ftir_spectral_range,cm-1,500.0,4000.0,,2
SID0087,FTIR,ftir_spectral_range,cm-1,600.0,4000.0,,2
SID0098,FTIR,ftir_spectral_range,cm-1,900.0,1800.0,,2
SID0105,FTIR,ftir_spectral_range,cm-1,400.0,4000.0,,2
SID0107,FTIR,ftir_spectral_range,cm-1,600.0,3200.0,,2
SID0110,FTIR,ftir_spectral_range,cm-1,400.0,4000.0,,2
SID0117,FTIR,ftir_spectral_range,cm-1,640.0,3600.0,,4
SID0164,FTIR,ftir_spectral_range,cm-1,600.0,4000.0,,2
SID0165,FTIR,ftir_spectral_range,cm-1,400.0,4000.0,,2
SID0207,FTIR,ftir_spectral_range,cm-1,650.0,4000.0,,2
SID0254,FTIR,ftir_spectral_range,cm-1,600.0,4000.0,,2
SID0257,FTIR,ftir_spectral_range,cm-1,400.0,4000.0,,6
SID0003,FTIR,ftir_resolution,cm-1,1.0,1.0,,1
SID0014,FTIR,ftir_resolution,cm-1,4.0,4.0,,1
SID0019,FTIR,ftir_resolution,cm-1,4.0,4.0,,1
SID0026,FTIR,ftir_resolution,cm-1,8.0,8.0,,1
SID0027,FTIR,ftir_resolution,cm-1,8.0,8.0,,1
SID0028,FTIR,ftir_resolution,cm-1,4.0,8.0,,2
SID0029,FTIR,ftir_resolution,cm-1,4.0,4.0,,1
SID0035,FTIR,ftir_resolution,cm-1,8.0,8.0,,1
SID0038,FTIR,ftir_resolution,cm-1,4.0,4.0,,1
SID0040,FTIR,ftir_resolution,cm-1,4.0,4.0,,1
SID0041,FTIR,ftir_resolution,cm-1,4.0,4.0,,1
SID0047,FTIR,ftir_resolution,cm-1,4.0,4.0,,1
SID0048,FTIR,ftir_resolution,cm-1,4.0,8.0,,2
SID0050,FTIR,ftir_resolution,cm-1,4.0,4.0,,1
SID0051,FTIR,ftir_resolution,cm-1,8.0,8.0,,1
SID0063,FTIR,ftir_resolution,cm-1,8.0,8.0,,1
SID0068,FTIR,ftir_resolution,cm-1,1.0,1.0,,1
SID0069,FTIR,ftir_resolution,cm-1,4.0,4.0,,1
SID0070,FTIR,ftir_resolution,cm-1,8.0,8.0,,1
SID0072,FTIR,ftir_resolution,cm-1,8.0,16.0,,2
SID0078,FTIR,ftir_resolution,cm-1,4.0,4.0,,1
SID0079,FTIR,ftir_resolution,cm-1,4.0,4.0,,1
SID0080,FTIR,ftir_resolution,cm-1,16.0,16.0,,1
SID0081,FTIR,ftir_resolution,cm-1,8.0,8.0,,1
SID0082,FTIR,ftir_resolution,cm-1,4.0,4.0,,1
SID0083,FTIR,ftir_resolution,cm-1,4.0,4.0,,1
SID0084,FTIR,ftir_resolution,cm-1,4.0,4.0,,1
SID0086,FTIR,ftir_resolution,cm-1,4.0,4.0,,1
SID0088,FTIR,ftir_resolution,cm-1,4.0,4.0,,1
SID0090,FTIR,ftir_resolution,cm-1,8.0,8.0,,1
SID0092,FTIR,ftir_resolution,cm-1,4.0,4.0,,1
SID0093,FTIR,ftir_resolution,cm-1,4.0,4.0,,1
SID0096,FTIR,ftir_resolution,cm-1,4.0,4.0,,1
SID0097,FTIR,ftir_resolution,cm-1,4.0,4.0,,1
SID0102,FTIR,ftir_resolution,cm-1,4.0,4.0,,1
SID0104,FTIR,ftir_resolution,cm-1,4.0,4.0,,1
SID0108,FTIR,ftir_resolution,cm-1,8.0,8.0,,1
SID0126,FTIR,ftir_resolution,cm-1,2.0,2.0,,1
SID0129,FTIR,ftir_resolution,cm-1,4.0,4.0,,1
SID0130,FTIR,ftir_resolution,cm-1,4.0,4.0,,1
SID0133,FTIR,ftir_resolution,cm-1,4.0,4.0,,1
SID0135,FTIR,ftir_resolution,cm-1,4.0,4.0,,1
SID0136,FTIR,ftir_resolution,cm-1,4.0,4.0,,1
SID0138,FTIR,ftir_resolution,cm-1,4.0,4.0,,1
SID0141,FTIR,ftir_resolution,cm-1,2.0,2.0,,1
SID0143,FTIR,ftir_resolution,cm-1,4.0,4.0,,1
SID0145,FTIR,ftir_resolution,cm-1,0.2,0.2,,1
SID0147,FTIR,ftir_resolution,cm-1,2.0,2.0,,1
SID0151,FTIR,ftir_resolution,cm-1,2.0,2.0,,1
SID0152,FTIR,ftir_resolution,cm-1,4.0,4.0,,1
SID0158,FTIR,ftir_resolution,cm-1,4.0,4.0,,1
SID0174,FTIR,ftir_resolution,cm-1,4.0,4.0,,1
SID0180,FTIR,ftir_resolution,cm-1,4.0,4.0,,1
SID0181,FTIR,ftir_resolution,cm-1,1.0,1.0,,1
SID0182,FTIR,ftir_resolution,cm-1,4.0,4.0,,1
SID0185,FTIR,ftir_resolution,cm-1,4.0,4.0,,1
SID0189,FTIR,ftir_resolution,cm-1,8.0,8.0,,1
SID0193,FTIR,ftir_resolution,cm-1,4.0,4.0,,1
SID0194,FTIR,ftir_resolution,cm-1,4.0,4.0,,1
SID0197,FTIR,ftir_resolution,cm-1,8.0,8.0,,1
SID0202,FTIR,ftir_resolution,cm-1,4.0,4.0,,1
SID0206,FTIR,ftir_resolution,cm-1,2.0,2.0,,1
SID0208,FTIR,ftir_resolution,cm-1,4.0,4.0,,1
SID0213,FTIR,ftir_resolution,cm-1,4.0,4.0,,1
SID0216,FTIR,ftir_resolution,cm-1,4.0,4.0,,1
SID0222,FTIR,ftir_resolution,cm-1,8.0,8.0,,1
SID0224,FTIR,ftir_resolution,cm-1,8.0,8.0,,1
SID0227,FTIR,ftir_resolution,cm-1,4.0,4.0,,1
SID0232,FTIR,ftir_resolution,cm-1,4.0,4.0,,1
SID0233,FTIR,ftir_resolution,cm-1,4.0,4.0,,1
SID0234,FTIR,ftir_resolution,cm-1,4.0,8.0,,2
SID0238,FTIR,ftir_resolution,cm-1,4.0,4.0,,1
SID0246,FTIR,ftir_resolution,cm-1,8.0,8.0,,1
SID0248,FTIR,ftir_resolution,cm-1,4.0,4.0,,1
SID0249,FTIR,ftir_resolution,cm-1,8.0,8.0,,1
SID0250,FTIR,ftir_resolution,cm-1,4.0,4.0,,1
SID0251,FTIR,ftir_resolution,cm-1,4.0,4.0,,1
SID0258,FTIR,ftir_resolution,cm-1,1.5,1.5,,1
SID0260,FTIR,ftir_resolution,cm-1,8.0,8.0,,1
SID0264,FTIR,ftir_resolution,cm-1,4.0,4.0,,1
SID0265,FTIR,ftir_resolution,cm-1,4.0,4.0,,1
SID0275,FTIR,ftir_resolution,cm-1,8.0,8.0,,1
SID0288,FTIR,ftir_resolution,cm-1,1.0,1.0,,1
SID0289,FTIR,ftir_resolution,cm-1,16.0,16.0,,1
SID0292,FTIR,ftir_resolution,cm-1,4.0,4.0,,1
SID0298,FTIR,ftir_resolution,cm-1,4.0,4.0,,1
SID0301,FTIR,ftir_resolution,cm-1,8.0,8.0,,1
SID0304,FTIR,ftir_resolution,cm-1,1.0,1.0,,1
SID0311,FTIR,ftir_resolution,cm-1,1.0,1.0,,1
SID0320,FTIR,ftir_resolution,cm-1,8.0,8.0,,1
SID0322,FTIR,ftir_resolution,cm-1,4.0,4.0,,1
SID0324,FTIR,ftir_resolution,cm-1,4.0,4.0,,1
SID0328,FTIR,ftir_resolution,cm-1,4.0,4.0,,1
SID0350,FTIR,ftir_resolution,cm-1,1.0,1.0,,1
SID0354,FTIR,ftir_resolution,cm-1,2.0,8.0,,2
SID0361,FTIR,ftir_resolution,cm-1,8.0,8.0,,1
SID0369,FTIR,ftir_resolution,cm-1,4.0,4.0,,1
SID0373,FTIR,ftir_resolution,cm-1,4.0,4.0,,1
SID0382,FTIR,ftir_resolution,cm-1,1.0,1.0,,2
SID0399,FTIR,ftir_resolution,cm-1,16.0,16.0,,1
SID0431,FTIR,ftir_resolution,cm-1,4.0,4.0,,1
SID0023,FTIR,ftir_resolution,cm-1,4.0,4.0,,1
SID0087,FTIR,ftir_resolution,cm-1,4.0,4.0,,1
SID0105,FTIR,ftir_resolution,cm-1,4.0,4.0,,1
SID0107,FTIR,ftir_resolution,cm-1,4.0,4.0,,1
SID0117,FTIR,ftir_resolution,cm-1,4.0,4.0,,1
SID0164,FTIR,ftir_resolution,cm-1,2.0,2.0,,1
SID0165,FTIR,ftir_resolution,cm-1,1.0,1.0,,1
SID0207,FTIR,ftir_resolution,cm-1,4.0,4.0,,1
SID0257,FTIR,ftir_resolution,cm-1,4.0,8.0,,2
SID0019,FTIR,ftir_scans,count,32.0,32.0,,1
SID0026,FTIR,ftir_scans,count,32.0,32.0,,1
SID0027,FTIR,ftir_scans,count,200.0,200.0,,1
SID0028,FTIR,ftir_scans,count,8.0,32.0,,2
SID0029,FTIR,ftir_scans,count,32.0,32.0,,1
SID0035,FTIR,ftir_scans,count,32.0,32.0,,1
SID0038,FTIR,ftir_scans,count,16.0,30.0,,2
SID0040,FTIR,ftir_scans,count,45.0,45.0,,1
SID0041,FTIR,ftir_scans,count,64.0,64.0,,1
SID0044,FTIR,ftir_scans,count,4.0,4.0,,1
SID0048,FTIR,ftir_scans,count,16.0,16.0,,1
SID0050,FTIR,ftir_scans,count,32.0,32.0,,2
SID0052,FTIR,ftir_scans,count,100.0,100.0,,1
SID0063,FTIR,ftir_scans,count,32.0,64.0,,2
SID0068,FTIR,ftir_scans,count,32.0,32.0,,1
SID0069,FTIR,ftir_scans,count,24.0,24.0,,1
SID0070,FTIR,ftir_scans,count,1.0,1.0,,1
SID0072,FTIR,ftir_scans,count,1.0,16.0,,2
SID0077,FTIR,ftir_scans,count,32.0,32.0,,1
SID0079,FTIR,ftir_scans,count,32.0,32.0,,1
SID0082,FTIR,ftir_scans,count,64.0,64.0,,1
SID0083,FTIR,ftir_scans,count,32.0,32.0,,1
SID0084,FTIR,ftir_scans,count,128.0,128.0,,1
SID0086,FTIR,ftir_scans,count,32.0,32.0,,1
SID0088,FTIR,ftir_scans,count,4.0,4.0,,1
SID0090,FTIR,ftir_scans,count,128.0,128.0,,1
SID0092,FTIR,ftir_scans,count,3.0,128.0,,6
SID0093,FTIR,ftir_scans,count,32.0,32.0,,1
SID0094,FTIR,ftir_scans,count,64.0,256.0,,3
SID0096,FTIR,ftir_scans,count,32.0,32.0,,1
SID0102,FTIR,ftir_scans,count,4.0,4.0,,1
SID0104,FTIR,ftir_scans,count,24.0,24.0,,1
SID0108,FTIR,ftir_scans,count,10.0,10.0,,1
SID0126,FTIR,ftir_scans,count,32.0,32.0,,1
SID0129,FTIR,ftir_scans,count,32.0,32.0,,1
SID0130,FTIR,ftir_scans,count,24.0,24.0,,1
SID0133,FTIR,ftir_scans,count,32.0,32.0,,1
SID0136,FTIR,ftir_scans,count,128.0,128.0,,1
SID0138,FTIR,ftir_scans,count,45.0,45.0,,1
SID0147,FTIR,ftir_scans,count,30.0,30.0,,1
SID0151,FTIR,ftir_scans,count,30.0,30.0,,1
SID0152,FTIR,ftir_scans,count,64.0,64.0,,1
SID0157,FTIR,ftir_scans,count,16.0,16.0,,1
SID0158,FTIR,ftir_scans,count,128.0,128.0,,1
SID0180,FTIR,ftir_scans,count,4.0,4.0,,1
SID0182,FTIR,ftir_scans,count,64.0,64.0,,1
SID0185,FTIR,ftir_scans,count,16.0,16.0,,1
SID0189,FTIR,ftir_scans,count,64.0,64.0,,1
SID0193,FTIR,ftir_scans,count,10.0,10.0,,1
SID0198,FTIR,ftir_scans,count,16.0,16.0,,1
SID0202,FTIR,ftir_scans,count,64.0,64.0,,1
SID0205,FTIR,ftir_scans,count,32.0,32.0,,1
SID0208,FTIR,ftir_scans,count,24.0,24.0,,1
SID0212,FTIR,ftir_scans,count,250.0,250.0,,1
SID0213,FTIR,ftir_scans,count,50.0,50.0,,1
SID0220,FTIR,ftir_scans,count,32.0,32.0,,1
SID0224,FTIR,ftir_scans,count,30.0,30.0,,1
SID0227,FTIR,ftir_scans,count,4.0,4.0,,1
SID0232,FTIR,ftir_scans,count,16.0,16.0,,1
SID0233,FTIR,ftir_scans,count,24.0,560.0,,2
SID0234,FTIR,ftir_scans,count,10.0,10.0,,1
SID0238,FTIR,ftir_scans,count,32.0,32.0,,1
SID0246,FTIR,ftir_scans,count,6.0,32.0,,3
SID0248,FTIR,ftir_scans,count,16.0,32.0,,2
SID0249,FTIR,ftir_scans,count,64.0,64.0,,1
SID0250,FTIR,ftir_scans,count,25.0,25.0,,1
SID0251,FTIR,ftir_scans,count,45.0,45.0,,1
SID0258,FTIR,ftir_scans,count,30.0,30.0,,1
SID0260,FTIR,ftir_scans,count,64.0,64.0,,1
SID0264,FTIR,ftir_scans,count,90.0,256.0,,2
SID0265,FTIR,ftir_scans,count,4.0,4.0,,1
SID0275,FTIR,ftir_scans,count,1.0,1.0,,1
SID0289,FTIR,ftir_scans,count,30.0,30.0,,1
SID0292,FTIR,ftir_scans,count,16.0,16.0,,1
SID0298,FTIR,ftir_scans,count,64.0,64.0,,1
SID0320,FTIR,ftir_scans,count,64.0,64.0,,1
SID0354,FTIR,ftir_scans,count,3.0,20.0,,3
SID0357,FTIR,ftir_scans,count,16.0,16.0,,1
SID0361,FTIR,ftir_scans,count,64.0,64.0,,1
SID0362,FTIR,ftir_scans,count,64.0,64.0,,1
SID0399,FTIR,ftir_scans,count,2.0,2.0,,1
SID0406,FTIR,ftir_scans,count,64.0,64.0,,1
SID0409,FTIR,ftir_scans,count,60.0,60.0,,1
SID0023,FTIR,ftir_scans,count,64.0,64.0,,1
SID0087,FTIR,ftir_scans,count,60.0,60.0,,1
SID0105,FTIR,ftir_scans,count,65.0,65.0,,1
SID0107,FTIR,ftir_scans,count,16.0,16.0,,1
SID0117,FTIR,ftir_scans,count,256.0,256.0,,1
SID0164,FTIR,ftir_scans,count,64.0,64.0,,1
SID0207,FTIR,ftir_scans,count,16.0,16.0,,1
SID0019,FTIR,ftir_aperture,µm,25.0,25.0,,2
SID0038,FTIR,ftir_aperture,µm,20.0,20.0,,1
SID0047,FTIR,ftir_aperture,µm,100.0,100.0,,2
SID0048,FTIR,ftir_aperture,µm,100.0,150.0,,4
SID0080,FTIR,ftir_aperture,µm,50.0,420.0,,3
SID0092,FTIR,ftir_aperture,µm,10.0,100.0,,2
SID0180,FTIR,ftir_aperture,µm,20.0,20.0,,2
SID0189,FTIR,ftir_aperture,µm,50.0,150.0,,4
SID0208,FTIR,ftir_aperture,µm,30.0,30.0,,2
SID0220,FTIR,ftir_aperture,µm,50.0,50.0,,1
SID0264,FTIR,ftir_aperture,µm,150.0,150.0,,2
SID0265,FTIR,ftir_aperture,µm,25.0,25.0,,2
SID0289,FTIR,ftir_aperture,µm,20.0,100.0,,4
SID0105,FTIR,ftir_aperture,µm,100.0,100.0,,2
SID0257,FTIR,ftir_aperture,µm,150.0,150.0,,2
SID0048,FTIR,ftir_step,µm,100.0,100.0,,2
SID0063,FTIR,ftir_step,µm,11.1,11.1,,2
SID0070,FTIR,ftir_step,µm,1.56,1.56,,1
SID0072,FTIR,ftir_step,µm,20.0,25.0,,2
SID0080,FTIR,ftir_step,µm,3.0,420.0,,5
SID0090,FTIR,ftir_step,µm,5.5,5.5,,1
SID0102,FTIR,ftir_step,µm,25.0,25.0,,1
SID0145,FTIR,ftir_step,µm,1.0,1.0,,1
SID0209,FTIR,ftir_step,µm,0.1,0.2,,2
SID0224,FTIR,ftir_step,µm,5.5,5.5,,1
SID0246,FTIR,ftir_step,µm,10.0,10.0,,1
SID0264,FTIR,ftir_step,µm,10.0,100.0,,4
SID0265,FTIR,ftir_step,µm,25.0,25.0,,2
SID0292,FTIR,ftir_step,µm,25.0,25.0,,1
SID0322,FTIR,ftir_step,µm,10.0,10.0,,1
SID0324,FTIR,ftir_step,µm,10.0,10.0,,1
SID0328,FTIR,ftir_step,µm,10.0,10.0,,1
SID0354,FTIR,ftir_step,µm,0.5,6.25,,2
SID0369,FTIR,ftir_step,µm,10.0,10.0,,1
SID0373,FTIR,ftir_step,µm,10.0,10.0,,1
SID0399,FTIR,ftir_step,µm,25.0,25.0,,1
SID0405,FTIR,ftir_step,µm,0.1,3.0,,3
SID0117,FTIR,ftir_step,µm,1.1,1.1,,2
SID0004,RAMAN,raman_laser,nm,532.0,532.0,,1
SID0005,RAMAN,raman_laser,nm,532.0,785.0,,2
SID0008,RAMAN,raman_laser,nm,784.0,785.0,,2
SID0010,RAMAN,raman_laser,nm,532.0,532.0,,1
SID0013,RAMAN,raman_laser,nm,785.0,785.0,,1
SID0016,RAMAN,raman_laser,nm,633.0,633.0,,1
SID0021,RAMAN,raman_laser,nm,785.0,785.0,,1
SID0024,RAMAN,raman_laser,nm,785.0,785.0,,1
SID0026,RAMAN,raman_laser,nm,532.0,785.0,,3
SID0029,RAMAN,raman_laser,nm,532.0,785.0,,2
SID0030,RAMAN,raman_laser,nm,785.0,785.0,,1
SID0031,RAMAN,raman_laser,nm,1064.0,1064.0,,1
SID0034,RAMAN,raman_laser,nm,785.0,785.0,,1
SID0035,RAMAN,raman_laser,nm,514.1,514.1,,1
SID0043,RAMAN,raman_laser,nm,785.0,785.0,,1
SID0054,RAMAN,raman_laser,nm,785.0,785.0,,1
SID0056,RAMAN,raman_laser,nm,785.0,785.0,,1
SID0059,RAMAN,raman_laser,nm,633.0,633.0,,1
SID0071,RAMAN,raman_laser,nm,532.0,532.0,,1
SID0075,RAMAN,raman_laser,nm,785.0,785.0,,1
SID0076,RAMAN,raman_laser,nm,785.0,785.0,,1
SID0085,RAMAN,raman_laser,nm,785.0,785.0,,1
SID0089,RAMAN,raman_laser,nm,532.0,785.0,,2
SID0091,RAMAN,raman_laser,nm,785.0,785.0,,1
SID0095,RAMAN,raman_laser,nm,785.0,785.0,,1
SID0109,RAMAN,raman_laser,nm,785.0,785.0,,1
SID0119,RAMAN,raman_laser,nm,442.0,442.0,,1
SID0121,RAMAN,raman_laser,nm,785.0,785.0,,1
SID0123,RAMAN,raman_laser,nm,532.0,785.0,,3
SID0126,RAMAN,raman_laser,nm,532.0,532.0,,1
SID0127,RAMAN,raman_laser,nm,785.0,785.0,,1
SID0134,RAMAN,raman_laser,nm,785.0,785.0,,1
SID0137,RAMAN,raman_laser,nm,532.0,785.0,,2
SID0139,RAMAN,raman_laser,nm,785.0,785.0,,1
SID0146,RAMAN,raman_laser,nm,532.0,785.0,,2
SID0149,RAMAN,raman_laser,nm,532.0,785.0,,2
SID0150,RAMAN,raman_laser,nm,532.0,532.0,,1
SID0155,RAMAN,raman_laser,nm,532.0,532.0,,1
SID0171,RAMAN,raman_laser,nm,785.0,785.0,,1
SID0173,RAMAN,raman_laser,nm,647.0,647.0,,1
SID0178,RAMAN,raman_laser,nm,532.0,785.0,,2
SID0183,RAMAN,raman_laser,nm,785.0,785.0,,1
SID0192,RAMAN,raman_laser,nm,785.0,785.0,,1
SID0197,RAMAN,raman_laser,nm,532.0,532.0,,1
SID0200,RAMAN,raman_laser,nm,532.0,532.0,,1
SID0210,RAMAN,raman_laser,nm,532.0,532.0,,1
SID0218,RAMAN,raman_laser,nm,633.0,633.0,,1
SID0219,RAMAN,raman_laser,nm,785.0,785.0,,1
SID0223,RAMAN,raman_laser,nm,532.0,633.0,,2
SID0230,RAMAN,raman_laser,nm,532.0,785.0,,2
SID0235,RAMAN,raman_laser,nm,785.0,785.0,,1
SID0236,RAMAN,raman_laser,nm,785.0,785.0,,1
SID0238,RAMAN,raman_laser,nm,514.5,647.1,,2
SID0244,RAMAN,raman_laser,nm,532.0,532.0,,1
SID0247,RAMAN,raman_laser,nm,785.0,785.0,,1
SID0255,RAMAN,raman_laser,nm,532.0,785.0,,2
SID0262,RAMAN,raman_laser,nm,785.0,785.0,,1
SID0268,RAMAN,raman_laser,nm,785.0,785.0,,1
SID0275,RAMAN,raman_laser,nm,532.0,532.0,,1
SID0283,RAMAN,raman_laser,nm,532.0,785.0,,2
SID0290,RAMAN,raman_laser,nm,532.0,758.0,,2
SID0292,RAMAN,raman_laser,nm,785.0,785.0,,1
SID0295,RAMAN,raman_laser,nm,632.0,632.0,,1
SID0307,RAMAN,raman_laser,nm,785.0,785.0,,1
SID0316,RAMAN,raman_laser,nm,785.0,785.0,,1
SID0321,RAMAN,raman_laser,nm,785.0,785.0,,1
SID0333,RAMAN,raman_laser,nm,532.0,532.0,,1
SID0334,RAMAN,raman_laser,nm,532.0,532.0,,1
SID0347,RAMAN,raman_laser,nm,633.0,785.0,,2
SID0349,RAMAN,raman_laser,nm,785.0,785.0,,1
SID0351,RAMAN,raman_laser,nm,532.0,785.0,,2
SID0352,RAMAN,raman_laser,nm,785.0,785.0,,1
SID0353,RAMAN,raman_laser,nm,532.0,785.0,,2
SID0356,RAMAN,raman_laser,nm,532.0,532.0,,1
SID0357,RAMAN,raman_laser,nm,785.0,785.0,,1
SID0362,RAMAN,raman_laser,nm,532.0,532.0,,1
SID0372,RAMAN,raman_laser,nm,532.0,785.0,,2
SID0376,RAMAN,raman_laser,nm,785.0,785.0,,1
SID0378,RAMAN,raman_laser,nm,785.0,785.0,,1
SID0380,RAMAN,raman_laser,nm,532.0,532.0,,1
SID0381,RAMAN,raman_laser,nm,532.0,532.0,,1
SID0383,RAMAN,raman_laser,nm,785.0,785.0,,1
SID0384,RAMAN,raman_laser,nm,785.0,785.0,,1
SID0385,RAMAN,raman_laser,nm,532.0,532.0,,1
SID0387,RAMAN,raman_laser,nm,785.0,785.0,,1
SID0390,RAMAN,raman_laser,nm,532.0,532.0,,1
SID0393,RAMAN,raman_laser,nm,532.0,532.0,,1
SID0394,RAMAN,raman_laser,nm,532.0,532.0,,1
SID0395,RAMAN,raman_laser,nm,785.0,785.0,,1
SID0396,RAMAN,raman_laser,nm,785.0,785.0,,1
SID0403,RAMAN,raman_laser,nm,532.0,785.0,,3
SID0404,RAMAN,raman_laser,nm,785.0,785.0,,1
SID0408,RAMAN,raman_laser,nm,785.0,785.0,,1
SID0411,RAMAN,raman_laser,nm,785.0,785.0,,1
SID0413,RAMAN,raman_laser,nm,633.0,633.0,,1
SID0424,RAMAN,raman_laser,nm,532.0,532.0,,1
SID0432,RAMAN,raman_laser,nm,532.0,785.0,,2
SID0045,RAMAN,raman_laser,nm,633.0,633.0,,1
SID0053,RAMAN,raman_laser,nm,532.0,532.0,,1
SID0058,RAMAN,raman_laser,nm,638.0,638.0,,1
SID0065,RAMAN,raman_laser,nm,785.0,785.0,,1
SID0099,RAMAN,raman_laser,nm,532.0,532.0,,1
SID0117,RAMAN,raman_laser,nm,785.0,785.0,,1
SID0186,RAMAN,raman_laser,nm,532.0,532.0,,1
SID0215,RAMAN,raman_laser,nm,785.0,785.0,,1
SID0226,RAMAN,raman_laser,nm,785.0,785.0,,1
SID0229,RAMAN,raman_laser,nm,760.0,1041.0,,3
SID0243,RAMAN,raman_laser,nm,455.0,780.0,,4
SID0257,RAMAN,raman_laser,nm,532.0,785.0,,3
SID0271,RAMAN,raman_laser,nm,455.0,780.0,,6
SID0004,RAMAN,raman_power,mW,1.0,10.0,,2
SID0008,RAMAN,raman_power,mW,500.0,500.0,,1
SID0013,RAMAN,raman_power,mW,28.0,28.0,,1
SID0016,RAMAN,raman_power,mW,1.0,5.0,,4
SID0024,RAMAN,raman_power,mW,10.0,10.0,,1
SID0029,RAMAN,raman_power,mW,3.0,5.0,,2
SID0030,RAMAN,raman_power,mW,1.0,5.0,,2
SID0043,RAMAN,raman_power,mW,300.0,300.0,,1
SID0046,RAMAN,raman_power,mW,6.0,6.0,,1
SID0071,RAMAN,raman_power,mW,0.7,0.7,,1
SID0091,RAMAN,raman_power,mW,28.0,28.0,,1
SID0095,RAMAN,raman_power,mW,1.0,60.0,,2
SID0121,RAMAN,raman_power,mW,80.0,140.0,,2
SID0126,RAMAN,raman_power,mW,9.0,100.0,,2
SID0127,RAMAN,raman_power,mW,1.0,10.0,,2
SID0155,RAMAN,raman_power,mW,3.5,3.5,,1
SID0173,RAMAN,raman_power,mW,1.0,1.0,,1
SID0200,RAMAN,raman_power,mW,23.0,120.0,,2
SID0219,RAMAN,raman_power,mW,100.0,100.0,,1
SID0262,RAMAN,raman_power,mW,28.0,28.0,,1
SID0268,RAMAN,raman_power,mW,28.0,28.0,,1
SID0283,RAMAN,raman_power,mW,5.0,5.0,,1
SID0307,RAMAN,raman_power,mW,15.0,15.0,,1
SID0333,RAMAN,raman_power,mW,0.1,10.0,,2
SID0334,RAMAN,raman_power,mW,0.1,10.0,,2
SID0351,RAMAN,raman_power,mW,4.0,4.0,,1
SID0356,RAMAN,raman_power,mW,10.0,10.0,,1
SID0357,RAMAN,raman_power,mW,28.0,28.0,,1
SID0372,RAMAN,raman_power,mW,0.1,10.0,,2
SID0380,RAMAN,raman_power,mW,6.0,6.0,,1
SID0381,RAMAN,raman_power,mW,0.1,10.0,,2
SID0383,RAMAN,raman_power,mW,15.0,15.0,,1
SID0384,RAMAN,raman_power,mW,15.0,15.0,,1
SID0387,RAMAN,raman_power,mW,28.0,28.0,,1
SID0390,RAMAN,raman_power,mW,6.0,6.0,,1
SID0393,RAMAN,raman_power,mW,1.0,10.0,,2
SID0394,RAMAN,raman_power,mW,1.0,1.0,,1
SID0396,RAMAN,raman_power,mW,200.0,200.0,,1
SID0404,RAMAN,raman_power,mW,1.0,5.0,,2
SID0408,RAMAN,raman_power,mW,300.0,300.0,,1
SID0413,RAMAN,raman_power,mW,4.0,4.0,,1
SID0424,RAMAN,raman_power,mW,1.0,10.0,,3
SID0045,RAMAN,raman_power,mW,3.0,3.0,,1
SID0053,RAMAN,raman_power,mW,300.0,300.0,,1
SID0058,RAMAN,raman_power,mW,0.5,5.0,,2
SID0065,RAMAN,raman_power,mW,15.0,150.0,,2
SID0099,RAMAN,raman_power,mW,10.0,10.0,,1
SID0117,RAMAN,raman_power,mW,20.0,20.0,,1
SID0215,RAMAN,raman_power,mW,30.0,30.0,,1
SID0229,RAMAN,raman_power,mW,6.0,10.0,,4
SID0243,RAMAN,raman_power,mW,1.0,5.0,,2
SID0271,RAMAN,raman_power,mW,8.0,24.0,,2
SID0004,RAMAN,raman_objective,x,50.0,50.0,,1
SID0010,RAMAN,raman_objective,x,100.0,100.0,,1
SID0013,RAMAN,raman_objective,x,50.0,50.0,,1
SID0021,RAMAN,raman_objective,x,100.0,100.0,,1
SID0024,RAMAN,raman_objective,x,50.0,50.0,,1
SID0027,RAMAN,raman_objective,x,50.0,50.0,,1
SID0030,RAMAN,raman_objective,x,50.0,50.0,,1
SID0031,RAMAN,raman_objective,x,100.0,100.0,,1
SID0034,RAMAN,raman_objective,x,50.0,50.0,,1
SID0043,RAMAN,raman_objective,x,50.0,50.0,,1
SID0046,RAMAN,raman_objective,x,50.0,50.0,,1
SID0056,RAMAN,raman_objective,x,200.0,200.0,,1
SID0059,RAMAN,raman_objective,x,50.0,50.0,,1
SID0071,RAMAN,raman_objective,x,50.0,50.0,,1
SID0075,RAMAN,raman_objective,x,20.0,20.0,,1
SID0085,RAMAN,raman_objective,x,100.0,100.0,,1
SID0089,RAMAN,raman_objective,x,50.0,50.0,,1
SID0091,RAMAN,raman_objective,x,50.0,50.0,,1
SID0095,RAMAN,raman_objective,x,50.0,50.0,,1
SID0109,RAMAN,raman_objective,x,50.0,50.0,,1
SID0119,RAMAN,raman_objective,x,100.0,100.0,,1
SID0123,RAMAN,raman_objective,x,100.0,100.0,,1
SID0139,RAMAN,raman_objective,x,100.0,100.0,,1
SID0150,RAMAN,raman_objective,x,20.0,20.0,,1
SID0155,RAMAN,raman_objective,x,100.0,100.0,,1
SID0171,RAMAN,raman_objective,x,50.0,50.0,,1
SID0178,RAMAN,raman_objective,x,100.0,100.0,,1
SID0183,RAMAN,raman_objective,x,100.0,100.0,,1
SID0192,RAMAN,raman_objective,x,100.0,100.0,,1
SID0200,RAMAN,raman_objective,x,100.0,100.0,,1
SID0218,RAMAN,raman_objective,x,100.0,100.0,,1
SID0238,RAMAN,raman_objective,x,50.0,50.0,,1
SID0244,RAMAN,raman_objective,x,10.0,10.0,,1
SID0247,RAMAN,raman_objective,x,50.0,50.0,,1
SID0255,RAMAN,raman_objective,x,100.0,100.0,,1
SID0262,RAMAN,raman_objective,x,50.0,50.0,,1
SID0268,RAMAN,raman_objective,x,50.0,50.0,,1
SID0283,RAMAN,raman_objective,x,50.0,50.0,,1
SID0295,RAMAN,raman_objective,x,50.0,50.0,,1
SID0316,RAMAN,raman_objective,x,100.0,100.0,,1
SID0333,RAMAN,raman_objective,x,50.0,50.0,,1
SID0334,RAMAN,raman_objective,x,50.0,50.0,,1
SID0349,RAMAN,raman_objective,x,50.0,100.0,,2
SID0351,RAMAN,raman_objective,x,100.0,100.0,,1
SID0353,RAMAN,raman_objective,x,50.0,50.0,,1
SID0357,RAMAN,raman_objective,x,50.0,50.0,,1
SID0376,RAMAN,raman_objective,x,50.0,50.0,,1
SID0380,RAMAN,raman_objective,x,50.0,50.0,,1
SID0381,RAMAN,raman_objective,x,10.0,50.0,,2
SID0390,RAMAN,raman_objective,x,50.0,50.0,,1
SID0393,RAMAN,raman_objective,x,50.0,50.0,,1
SID0394,RAMAN,raman_objective,x,50.0,50.0,,1
SID0404,RAMAN,raman_objective,x,20.0,20.0,,1
SID0408,RAMAN,raman_objective,x,10.0,10.0,,1
SID0432,RAMAN,raman_objective,x,50.0,50.0,,1
SID0058,RAMAN,raman_objective,x,50.0,50.0,,1
SID0099,RAMAN,raman_objective,x,50.0,50.0,,1
SID0117,RAMAN,raman_objective,x,50.0,50.0,,1
SID0186,RAMAN,raman_objective,x,100.0,100.0,,1
SID0226,RAMAN,raman_objective,x,10.0,10.0,,1
SID0004,RAMAN,raman_spectral_range,cm-1,50.0,3500.0,,2
SID0005,RAMAN,raman_spectral_range,cm-1,500.0,1800.0,,2
SID0008,RAMAN,raman_spectral_range,cm-1,168.889,3117.291,,2
SID0010,RAMAN,raman_spectral_range,cm-1,200.0,3200.0,,2
SID0013,RAMAN,raman_spectral_range,cm-1,500.0,1500.0,,2
SID0016,RAMAN,raman_spectral_range,cm-1,300.0,3500.0,,2
SID0021,RAMAN,raman_spectral_range,cm-1,50.0,3500.0,,2
SID0029,RAMAN,raman_spectral_range,cm-1,500.0,3100.0,,2
SID0030,RAMAN,raman_spectral_range,cm-1,500.0,3500.0,,2
SID0031,RAMAN,raman_spectral_range,cm-1,500.0,2400.0,,2
SID0034,RAMAN,raman_spectral_range,cm-1,300.0,3200.0,,4
SID0035,RAMAN,raman_spectral_range,cm-1,200.0,1800.0,,2
SID0046,RAMAN,raman_spectral_range,cm-1,600.0,3200.0,,2
SID0054,RAMAN,raman_spectral_range,cm-1,200.0,3000.0,,2
SID0056,RAMAN,raman_spectral_range,cm-1,400.0,1800.0,,2
SID0059,RAMAN,raman_spectral_range,cm-1,172.0,4000.0,,2
SID0071,RAMAN,raman_spectral_range,cm-1,500.0,3500.0,,2
SID0075,RAMAN,raman_spectral_range,cm-1,50.0,3500.0,,2
SID0076,RAMAN,raman_spectral_range,cm-1,400.0,2000.0,,2
SID0085,RAMAN,raman_spectral_range,cm-1,200.0,2000.0,,2
SID0089,RAMAN,raman_spectral_range,cm-1,300.0,3200.0,,2
SID0091,RAMAN,raman_spectral_range,cm-1,300.0,1400.0,,2
SID0095,RAMAN,raman_spectral_range,cm-1,400.0,4000.0,,2
SID0109,RAMAN,raman_spectral_range,cm-1,400.0,4000.0,,2
SID0121,RAMAN,raman_spectral_range,cm-1,900.0,1700.0,,3
SID0123,RAMAN,raman_spectral_range,cm-1,200.0,1800.0,,2
SID0127,RAMAN,raman_spectral_range,cm-1,500.0,1800.0,,2
SID0134,RAMAN,raman_spectral_range,cm-1,200.0,1100.0,,2
SID0137,RAMAN,raman_spectral_range,cm-1,200.0,1800.0,,2
SID0139,RAMAN,raman_spectral_range,cm-1,100.0,3000.0,,2
SID0146,RAMAN,raman_spectral_range,cm-1,200.0,1800.0,,2
SID0150,RAMAN,raman_spectral_range,cm-1,1020.0,3400.0,,2
SID0155,RAMAN,raman_spectral_range,cm-1,590.0,3200.0,,4
SID0173,RAMAN,raman_spectral_range,cm-1,300.0,3700.0,,2
SID0178,RAMAN,raman_spectral_range,cm-1,100.0,3500.0,,2
SID0197,RAMAN,raman_spectral_range,cm-1,400.0,4000.0,,2
SID0200,RAMAN,raman_spectral_range,cm-1,200.0,1800.0,,2
SID0236,RAMAN,raman_spectral_range,cm-1,500.0,3500.0,,2
SID0238,RAMAN,raman_spectral_range,cm-1,200.0,1800.0,,2
SID0244,RAMAN,raman_spectral_range,cm-1,100.0,3500.0,,2
SID0262,RAMAN,raman_spectral_range,cm-1,500.0,1500.0,,2
SID0268,RAMAN,raman_spectral_range,cm-1,500.0,1600.0,,2
SID0275,RAMAN,raman_spectral_range,cm-1,1020.0,3400.0,,2
SID0283,RAMAN,raman_spectral_range,cm-1,120.0,4100.0,,4
SID0290,RAMAN,raman_spectral_range,cm-1,500.0,4000.0,,2
SID0307,RAMAN,raman_spectral_range,cm-1,300.0,3500.0,,2
SID0316,RAMAN,raman_spectral_range,cm-1,160.0,2000.0,,2
SID0321,RAMAN,raman_spectral_range,cm-1,400.0,1800.0,,2
SID0333,RAMAN,raman_spectral_range,cm-1,200.0,4000.0,,2
SID0334,RAMAN,raman_spectral_range,cm-1,200.0,4000.0,,2
SID0349,RAMAN,raman_spectral_range,cm-1,100.0,2000.0,,2
SID0351,RAMAN,raman_spectral_range,cm-1,200.0,3500.0,,2
SID0352,RAMAN,raman_spectral_range,cm-1,400.0,1800.0,,2
SID0353,RAMAN,raman_spectral_range,cm-1,200.0,3500.0,,2
SID0356,RAMAN,raman_spectral_range,cm-1,200.0,3400.0,,2
SID0357,RAMAN,raman_spectral_range,cm-1,600.0,1800.0,,2
SID0362,RAMAN,raman_spectral_range,cm-1,100.0,3000.0,,2
SID0366,RAMAN,raman_spectral_range,cm-1,200.0,1050.0,,4
SID0376,RAMAN,raman_spectral_range,cm-1,700.0,1800.0,,2
SID0378,RAMAN,raman_spectral_range,cm-1,400.0,1800.0,,2
SID0380,RAMAN,raman_spectral_range,cm-1,600.0,3200.0,,2
SID0381,RAMAN,raman_spectral_range,cm-1,200.0,4000.0,,2
SID0383,RAMAN,raman_spectral_range,cm-1,300.0,3500.0,,2
SID0384,RAMAN,raman_spectral_range,cm-1,300.0,3500.0,,2
SID0385,RAMAN,raman_spectral_range,cm-1,200.0,3700.0,,2
SID0387,RAMAN,raman_spectral_range,cm-1,500.0,1500.0,,2
SID0390,RAMAN,raman_spectral_range,cm-1,600.0,3200.0,,2
SID0394,RAMAN,raman_spectral_range,cm-1,160.0,1800.0,,2
SID0395,RAMAN,raman_spectral_range,cm-1,400.0,1800.0,,2
SID0396,RAMAN,raman_spectral_range,cm-1,500.0,3500.0,,2
SID0404,RAMAN,raman_spectral_range,cm-1,400.0,3200.0,,2
SID0408,RAMAN,raman_spectral_range,cm-1,676.0,1767.0,,2
SID0411,RAMAN,raman_spectral_range,cm-1,400.0,1800.0,,2
SID0413,RAMAN,raman_spectral_range,cm-1,100.0,4000.0,,2
SID0424,RAMAN,raman_spectral_range,cm-1,100.0,5000.0,,2
SID0432,RAMAN,raman_spectral_range,cm-1,300.0,3200.0,,2
SID0033,RAMAN,raman_spectral_range,cm-1,590.0,640.0,,2
SID0058,RAMAN,raman_spectral_range,cm-1,200.0,3500.0,,2
SID0065,RAMAN,raman_spectral_range,cm-1,100.0,3000.0,,4
SID0099,RAMAN,raman_spectral_range,cm-1,100.0,1800.0,,2
SID0117,RAMAN,raman_spectral_range,cm-1,500.0,1800.0,,4
SID0186,RAMAN,raman_spectral_range,cm-1,4000.0,4000.0,,1
SID0215,RAMAN,raman_spectral_range,cm-1,50.0,3300.0,,2
SID0229,RAMAN,raman_spectral_range,cm-1,2850.0,3550.0,,2
SID0243,RAMAN,raman_spectral_range,cm-1,50.0,3500.0,,2
SID0257,RAMAN,raman_spectral_range,cm-1,50.0,4000.0,,7
SID0271,RAMAN,raman_spectral_range,cm-1,50.0,3500.0,,2
SID0008,RAMAN,raman_resolution,cm-1,8.22,8.22,,1
SID0030,RAMAN,raman_resolution,cm-1,1.0,1.0,,1
SID0043,RAMAN,raman_resolution,cm-1,4.0,4.0,,1
SID0095,RAMAN,raman_resolution,cm-1,3.0,5.0,,2
SID0126,RAMAN,raman_resolution,cm-1,3.0,3.0,,1
SID0200,RAMAN,raman_resolution,cm-1,2.4,3.0,,2
SID0255,RAMAN,raman_resolution,cm-1,1.325,3.252,,2
SID0283,RAMAN,raman_resolution,cm-1,3.0,3.0,,1
SID0349,RAMAN,raman_resolution,cm-1,5.0,5.0,,1
SID0424,RAMAN,raman_resolution,cm-1,5.0,5.0,,1
SID0053,RAMAN,raman_resolution,cm-1,1.0,1.0,,1
SID0215,RAMAN,raman_resolution,cm-1,5.0,5.0,,1
SID0229,RAMAN,raman_resolution,cm-1,10.0,10.0,,1
SID0004,RAMAN,raman_acq_time,s,1.0,1.0,,1
SID0008,RAMAN,raman_acq_time,s,10.0,10.0,,1
SID0010,RAMAN,raman_acq_time,s,5.0,5.0,,1
SID0013,RAMAN,raman_acq_time,s,0.1,0.1,,1
SID0016,RAMAN,raman_acq_time,s,0.5,0.5,,1
SID0021,RAMAN,raman_acq_time,s,1.0,1.0,,1
SID0024,RAMAN,raman_acq_time,s,5.0,5.0,,1
SID0029,RAMAN,raman_acq_time,s,5.0,5.0,,1
SID0034,RAMAN,raman_acq_time,s,0.5,0.5,,1
SID0043,RAMAN,raman_acq_time,s,2.0,2.0,,1
SID0046,RAMAN,raman_acq_time,s,0.05,0.05,,1
SID0054,RAMAN,raman_acq_time,s,20.0,20.0,,1
SID0056,RAMAN,raman_acq_time,s,20.0,30.0,,2
SID0059,RAMAN,raman_acq_time,s,10.0,10.0,,1
SID0071,RAMAN,raman_acq_time,s,10.0,10.0,,1
SID0085,RAMAN,raman_acq_time,s,10.0,10.0,,1
SID0089,RAMAN,raman_acq_time,s,10.0,10.0,,1
SID0091,RAMAN,raman_acq_time,s,0.1,0.1,,1
SID0095,RAMAN,raman_acq_time,s,10.0,60.0,,2
SID0119,RAMAN,raman_acq_time,s,1.0,2.0,,2
SID0121,RAMAN,raman_acq_time,s,1.0,1.0,,1
SID0126,RAMAN,raman_acq_time,s,3.0,3.0,,1
SID0127,RAMAN,raman_acq_time,s,20.0,20.0,,1
SID0134,RAMAN,raman_acq_time,s,0.2,0.2,,1
SID0149,RAMAN,raman_acq_time,s,0.5,90.0,,2
SID0150,RAMAN,raman_acq_time,s,1.0,2.0,,3
SID0155,RAMAN,raman_acq_time,s,0.5,4.0,,3
SID0171,RAMAN,raman_acq_time,s,10.0,30.0,,2
SID0183,RAMAN,raman_acq_time,s,20.0,20.0,,1
SID0192,RAMAN,raman_acq_time,s,10.0,10.0,,1
SID0197,RAMAN,raman_acq_time,s,10.0,10.0,,1
SID0200,RAMAN,raman_acq_time,s,60.0,60.0,,1
SID0230,RAMAN,raman_acq_time,s,4.0,4.0,,1
SID0247,RAMAN,raman_acq_time,s,10.0,10.0,,1
SID0262,RAMAN,raman_acq_time,s,0.1,0.1,,1
SID0268,RAMAN,raman_acq_time,s,0.1,0.1,,1
SID0275,RAMAN,raman_acq_time,s,2.0,2.0,,1
SID0283,RAMAN,raman_acq_time,s,3.0,3.0,,1
SID0295,RAMAN,raman_acq_time,s,180.0,600.0,,2
SID0307,RAMAN,raman_acq_time,s,0.5,0.5,,1
SID0333,RAMAN,raman_acq_time,s,1.0,30.0,,2
SID0334,RAMAN,raman_acq_time,s,1.0,30.0,,2
SID0349,RAMAN,raman_acq_time,s,10.0,10.0,,1
SID0351,RAMAN,raman_acq_time,s,10.0,20.0,,2
SID0353,RAMAN,raman_acq_time,s,10.0,10.0,,1
SID0356,RAMAN,raman_acq_time,s,3.0,3.0,,1
SID0357,RAMAN,raman_acq_time,s,2.0,2.0,,1
SID0362,RAMAN,raman_acq_time,s,10.0,10.0,,1
SID0376,RAMAN,raman_acq_time,s,10.0,10.0,,1
SID0380,RAMAN,raman_acq_time,s,0.05,0.05,,1
SID0383,RAMAN,raman_acq_time,s,0.5,2.0,,2
SID0384,RAMAN,raman_acq_time,s,0.5,2.0,,2
SID0385,RAMAN,raman_acq_time,s,0.5,0.5,,1
SID0390,RAMAN,raman_acq_time,s,0.05,0.05,,1
SID0393,RAMAN,raman_acq_time,s,10.0,20.0,,2
SID0394,RAMAN,raman_acq_time,s,60.0,60.0,,1
SID0396,RAMAN,raman_acq_time,s,4.0,4.0,,1
SID0404,RAMAN,raman_acq_time,s,2.0,10.0,,3
SID0408,RAMAN,raman_acq_time,s,5.0,5.0,,1
SID0424,RAMAN,raman_acq_time,s,1.0,100.0,,3
SID0432,RAMAN,raman_acq_time,s,10.0,10.0,,1
SID0053,RAMAN,raman_acq_time,s,1.5,1.5,,1
SID0058,RAMAN,raman_acq_time,s,10.0,10.0,,1
SID0065,RAMAN,raman_acq_time,s,0.1,10.0,,2
SID0099,RAMAN,raman_acq_time,s,0.1,0.1,,1
SID0117,RAMAN,raman_acq_time,s,1.0,10.0,,2
SID0186,RAMAN,raman_acq_time,s,10.0,10.0,,1
SID0215,RAMAN,raman_acq_time,s,0.33,0.33,,1
SID0229,RAMAN,raman_acq_time,s,3.0,3000.0,,4
SID0243,RAMAN,raman_acq_time,s,20.0,20.0,,1
SID0257,RAMAN,raman_acq_time,s,1.0,60.0,,3
SID0271,RAMAN,raman_acq_time,s,30.0,50.0,,2
SID0004,RAMAN,raman_accumulations,count,15.0,15.0,,1
SID0010,RAMAN,raman_accumulations,count,10.0,10.0,,1
SID0013,RAMAN,raman_accumulations,count,5.0,5.0,,1
SID0016,RAMAN,raman_accumulations,count,300.0,1000.0,,2
SID0024,RAMAN,raman_accumulations,count,5.0,5.0,,1
SID0029,RAMAN,raman_accumulations,count,5.0,5.0,,1
SID0031,RAMAN,raman_accumulations,count,3.0,3.0,,1
SID0034,RAMAN,raman_accumulations,count,1.0,1.0,,1
SID0043,RAMAN,raman_accumulations,count,4.0,4.0,,1
SID0046,RAMAN,raman_accumulations,count,5.0,5.0,,1
SID0059,RAMAN,raman_accumulations,count,2.0,2.0,,1
SID0119,RAMAN,raman_accumulations,count,10.0,120.0,,4
SID0121,RAMAN,raman_accumulations,count,5.0,35.0,,4
SID0171,RAMAN,raman_accumulations,count,3.0,3.0,,1
SID0192,RAMAN,raman_accumulations,count,1.0,1.0,,1
SID0230,RAMAN,raman_accumulations,count,2.0,10.0,,2
SID0247,RAMAN,raman_accumulations,count,5.0,5.0,,1
SID0262,RAMAN,raman_accumulations,count,5.0,5.0,,1
SID0275,RAMAN,raman_accumulations,count,1.0,1.0,,1
SID0283,RAMAN,raman_accumulations,count,15.0,15.0,,1
SID0295,RAMAN,raman_accumulations,count,3.0,10.0,,2
SID0307,RAMAN,raman_accumulations,count,50.0,50.0,,1
SID0351,RAMAN,raman_accumulations,count,1.0,2.0,,2
SID0353,RAMAN,raman_accumulations,count,2.0,2.0,,1
SID0356,RAMAN,raman_accumulations,count,15.0,15.0,,1
SID0357,RAMAN,raman_accumulations,count,5.0,5.0,,1
SID0362,RAMAN,raman_accumulations,count,2.0,2.0,,1
SID0376,RAMAN,raman_accumulations,count,5.0,20.0,,2
SID0380,RAMAN,raman_accumulations,count,5.0,5.0,,1
SID0384,RAMAN,raman_accumulations,count,50.0,50.0,,1
SID0385,RAMAN,raman_accumulations,count,15.0,15.0,,1
SID0390,RAMAN,raman_accumulations,count,5.0,5.0,,1
SID0393,RAMAN,raman_accumulations,count,5.0,25.0,,2
SID0404,RAMAN,raman_accumulations,count,2.0,3.0,,2
SID0424,RAMAN,raman_accumulations,count,5.0,10.0,,2
SID0432,RAMAN,raman_accumulations,count,2.0,2.0,,1
SID0053,RAMAN,raman_accumulations,count,1.0,1.0,,1
SID0058,RAMAN,raman_accumulations,count,6.0,6.0,,1
SID0099,RAMAN,raman_accumulations,count,100.0,200.0,,2
SID0186,RAMAN,raman_accumulations,count,20.0,20.0,,1
SID0215,RAMAN,raman_accumulations,count,40.0,40.0,,1
SID0243,RAMAN,raman_accumulations,count,20.0,100.0,,2
SID0257,RAMAN,raman_accumulations,count,4.0,4.0,,1
SID0271,RAMAN,raman_accumulations,count,20.0,20.0,,1
SID0013,RAMAN,raman_step,µm,0.25,0.25,,1
SID0029,RAMAN,raman_step,µm,1.0,1.0,,1
SID0043,RAMAN,raman_step,µm,4.0,4.0,,1
SID0085,RAMAN,raman_step,µm,1.0,1.0,,1
SID0091,RAMAN,raman_step,µm,5.0,6.0,,2
SID0109,RAMAN,raman_step,µm,1.0,1.0,,1
SID0119,RAMAN,raman_step,µm,1.0,20.0,,2
SID0121,RAMAN,raman_step,µm,1.57,2.0,,2
SID0126,RAMAN,raman_step,µm,2.0,2.0,,1
SID0134,RAMAN,raman_step,µm,63.59,63.59,,1
SID0137,RAMAN,raman_step,µm,1.0,2.0,,2
SID0139,RAMAN,raman_step,µm,40.0,40.0,,1
SID0146,RAMAN,raman_step,µm,4.0,4.0,,1
SID0149,RAMAN,raman_step,µm,63.0,63.0,,1
SID0150,RAMAN,raman_step,µm,5.0,5.0,,1
SID0155,RAMAN,raman_step,µm,1.0,1.0,,1
SID0173,RAMAN,raman_step,µm,2.0,2.0,,1
SID0178,RAMAN,raman_step,µm,1.0,1.0,,1
SID0218,RAMAN,raman_step,µm,0.5,0.5,,1
SID0235,RAMAN,raman_step,µm,0.2,0.5,,2
SID0262,RAMAN,raman_step,µm,5.0,6.0,,2
SID0290,RAMAN,raman_step,µm,0.5,0.5,,1
SID0366,RAMAN,raman_step,µm,0.5,0.5,,1
SID0387,RAMAN,raman_step,µm,0.25,0.25,,1
SID0408,RAMAN,raman_step,µm,28.4,28.4,,1
SID0413,RAMAN,raman_step,µm,1.0,500.0,,2
SID0424,RAMAN,raman_step,µm,1.0,1.0,,1
SID0053,RAMAN,raman_step,µm,0.87,1.0,,2
SID0058,RAMAN,raman_step,µm,1.5,1.5,,1
SID0065,RAMAN,raman_step,µm,5.0,8.0,,2
SID0099,RAMAN,raman_step,µm,1.4,1.4,,1
SID0117,RAMAN,raman_step,µm,1.0,2.0,,2
SID0229,RAMAN,raman_step,µm,0.45,3.0,,2
SID0001,THERMAL,pyro_temp,°C,550.0,550.0,,1
SID0002,THERMAL,pyro_temp,°C,600.0,600.0,,1
SID0003,THERMAL,pyro_temp,°C,550.0,550.0,,1
SID0007,THERMAL,pyro_temp,°C,600.0,600.0,,1
SID0009,THERMAL,pyro_temp,°C,550.0,550.0,,1
SID0013,THERMAL,pyro_temp,°C,600.0,600.0,,1
SID0015,THERMAL,pyro_temp,°C,600.0,600.0,,1
SID0018,THERMAL,pyro_temp,°C,650.0,650.0,,1
SID0019,THERMAL,pyro_temp,°C,600.0,600.0,,1
SID0020,THERMAL,pyro_temp,°C,590.0,590.0,,1
SID0022,THERMAL,pyro_temp,°C,600.0,600.0,,1
SID0032,THERMAL,pyro_temp,°C,600.0,600.0,,1
SID0037,THERMAL,pyro_temp,°C,600.0,600.0,,1
SID0057,THERMAL,pyro_temp,°C,550.0,550.0,,1
SID0074,THERMAL,pyro_temp,°C,550.0,550.0,,1
SID0112,THERMAL,pyro_temp,°C,300.0,600.0,,2
SID0113,THERMAL,pyro_temp,°C,300.0,650.0,,2
SID0114,THERMAL,pyro_temp,°C,300.0,650.0,,2
SID0116,THERMAL,pyro_temp,°C,300.0,600.0,,2
SID0118,THERMAL,pyro_temp,°C,800.0,800.0,,1
SID0120,THERMAL,pyro_temp,°C,400.0,400.0,,1
SID0140,THERMAL,pyro_temp,°C,600.0,600.0,,1
SID0152,THERMAL,pyro_temp,°C,400.0,400.0,,1
SID0234,THERMAL,pyro_temp,°C,440.0,650.0,,2
SID0248,THERMAL,pyro_temp,°C,700.0,700.0,,1
SID0255,THERMAL,pyro_temp,°C,590.0,590.0,,1
SID0259,THERMAL,pyro_temp,°C,320.0,600.0,,3
SID0261,THERMAL,pyro_temp,°C,600.0,600.0,,1
SID0263,THERMAL,pyro_temp,°C,600.0,600.0,,1
SID0264,THERMAL,pyro_temp,°C,600.0,600.0,,1
SID0268,THERMAL,pyro_temp,°C,550.0,550.0,,1
SID0269,THERMAL,pyro_temp,°C,550.0,550.0,,1
SID0270,THERMAL,pyro_temp,°C,600.0,600.0,,1
SID0274,THERMAL,pyro_temp,°C,300.0,600.0,,2
SID0276,THERMAL,pyro_temp,°C,550.0,550.0,,1
SID0278,THERMAL,pyro_temp,°C,550.0,550.0,,1
SID0282,THERMAL,pyro_temp,°C,550.0,550.0,,1
SID0284,THERMAL,pyro_temp,°C,550.0,550.0,,1
SID0285,THERMAL,pyro_temp,°C,550.0,550.0,,1
SID0286,THERMAL,pyro_temp,°C,550.0,550.0,,1
SID0287,THERMAL,pyro_temp,°C,550.0,550.0,,1
SID0288,THERMAL,pyro_temp,°C,550.0,550.0,,1
SID0296,THERMAL,pyro_temp,°C,320.0,650.0,,4
SID0297,THERMAL,pyro_temp,°C,550.0,550.0,,1
SID0299,THERMAL,pyro_temp,°C,500.0,600.0,,2
SID0300,THERMAL,pyro_temp,°C,550.0,550.0,,1
SID0302,THERMAL,pyro_temp,°C,600.0,600.0,,1
SID0303,THERMAL,pyro_temp,°C,600.0,600.0,,1
SID0305,THERMAL,pyro_temp,°C,550.0,550.0,,1
SID0307,THERMAL,pyro_temp,°C,550.0,550.0,,1
SID0311,THERMAL,pyro_temp,°C,350.0,600.0,,2
SID0312,THERMAL,pyro_temp,°C,600.0,600.0,,1
SID0315,THERMAL,pyro_temp,°C,300.0,600.0,,2
SID0319,THERMAL,pyro_temp,°C,600.0,600.0,,1
SID0325,THERMAL,pyro_temp,°C,550.0,550.0,,1
SID0327,THERMAL,pyro_temp,°C,550.0,550.0,,1
SID0329,THERMAL,pyro_temp,°C,550.0,550.0,,1
SID0330,THERMAL,pyro_temp,°C,550.0,550.0,,1
SID0332,THERMAL,pyro_temp,°C,550.0,550.0,,1
SID0339,THERMAL,pyro_temp,°C,550.0,550.0,,1
SID0340,THERMAL,pyro_temp,°C,550.0,550.0,,1
SID0344,THERMAL,pyro_temp,°C,550.0,550.0,,1
SID0346,THERMAL,pyro_temp,°C,550.0,550.0,,1
SID0350,THERMAL,pyro_temp,°C,550.0,550.0,,1
SID0362,THERMAL,pyro_temp,°C,600.0,600.0,,1
SID0370,THERMAL,pyro_temp,°C,550.0,550.0,,1
SID0381,THERMAL,pyro_temp,°C,600.0,600.0,,1
SID0387,THERMAL,pyro_temp,°C,600.0,600.0,,1
SID0425,THERMAL,pyro_temp,°C,550.0,550.0,,1
SID0012,THERMAL,pyro_temp,°C,590.0,590.0,,1
SID0023,THERMAL,pyro_temp,°C,590.0,590.0,,1
SID0064,THERMAL,pyro_temp,°C,600.0,600.0,,1
SID0226,THERMAL,pyro_temp,°C,600.0,600.0,,1
SID0001,THERMAL,pyro_ms_range,m/z,29.0,600.0,,2
SID0003,THERMAL,pyro_ms_range,m/z,29.0,600.0,,2
SID0007,THERMAL,pyro_ms_range,m/z,29.0,600.0,,5
SID0009,THERMAL,pyro_ms_range,m/z,29.0,600.0,,2
SID0013,THERMAL,pyro_ms_range,m/z,29.0,600.0,,2
SID0015,THERMAL,pyro_ms_range,m/z,55.0,126.0,,10
SID0018,THERMAL,pyro_ms_range,m/z,40.0,600.0,,2
SID0019,THERMAL,pyro_ms_range,m/z,35.0,600.0,,2
SID0020,THERMAL,pyro_ms_range,m/z,50.0,650.0,,2
SID0032,THERMAL,pyro_ms_range,m/z,50.0,650.0,,2
SID0037,THERMAL,pyro_ms_range,m/z,40.0,600.0,,2
SID0057,THERMAL,pyro_ms_range,m/z,29.0,600.0,,2
SID0074,THERMAL,pyro_ms_range,m/z,29.0,600.0,,2
SID0113,THERMAL,pyro_ms_range,m/z,40.0,600.0,,2
SID0114,THERMAL,pyro_ms_range,m/z,40.0,600.0,,2
SID0118,THERMAL,pyro_ms_range,m/z,60.0,600.0,,2
SID0120,THERMAL,pyro_ms_range,m/z,29.0,350.0,,2
SID0140,THERMAL,pyro_ms_range,m/z,40.0,400.0,,2
SID0152,THERMAL,pyro_ms_range,m/z,29.0,350.0,,2
SID0234,THERMAL,pyro_ms_range,m/z,45.0,450.0,,2
SID0237,THERMAL,pyro_ms_range,m/z,10.0,550.0,,2
SID0255,THERMAL,pyro_ms_range,m/z,50.0,650.0,,2
SID0259,THERMAL,pyro_ms_range,m/z,50.0,1200.0,,2
SID0261,THERMAL,pyro_ms_range,m/z,50.0,400.0,,2
SID0264,THERMAL,pyro_ms_range,m/z,30.0,450.0,,2
SID0268,THERMAL,pyro_ms_range,m/z,33.0,600.0,,2
SID0269,THERMAL,pyro_ms_range,m/z,29.0,600.0,,2
SID0270,THERMAL,pyro_ms_range,m/z,29.0,500.0,,2
SID0276,THERMAL,pyro_ms_range,m/z,29.0,600.0,,2
SID0278,THERMAL,pyro_ms_range,m/z,29.0,600.0,,2
SID0282,THERMAL,pyro_ms_range,m/z,29.0,600.0,,2
SID0284,THERMAL,pyro_ms_range,m/z,29.0,600.0,,2
SID0285,THERMAL,pyro_ms_range,m/z,29.0,600.0,,2
SID0286,THERMAL,pyro_ms_range,m/z,29.0,600.0,,2
SID0287,THERMAL,pyro_ms_range,m/z,29.0,600.0,,2
SID0288,THERMAL,pyro_ms_range,m/z,29.0,600.0,,2
SID0296,THERMAL,pyro_ms_range,m/z,30.0,600.0,,2
SID0297,THERMAL,pyro_ms_range,m/z,29.0,600.0,,2
SID0299,THERMAL,pyro_ms_range,m/z,50.0,1200.0,,2
SID0300,THERMAL,pyro_ms_range,m/z,29.0,600.0,,2
SID0305,THERMAL,pyro_ms_range,m/z,29.0,600.0,,2
SID0307,THERMAL,pyro_ms_range,m/z,29.0,600.0,,2
SID0311,THERMAL,pyro_ms_range,m/z,35.0,450.0,,2
SID0312,THERMAL,pyro_ms_range,m/z,30.0,450.0,,2
SID0315,THERMAL,pyro_ms_range,m/z,40.0,400.0,,2
SID0319,THERMAL,pyro_ms_range,m/z,50.0,1000.0,,2
SID0325,THERMAL,pyro_ms_range,m/z,29.0,600.0,,2
SID0327,THERMAL,pyro_ms_range,m/z,29.0,600.0,,2
SID0330,THERMAL,pyro_ms_range,m/z,29.0,600.0,,2
SID0332,THERMAL,pyro_ms_range,m/z,29.0,600.0,,2
SID0337,THERMAL,pyro_ms_range,m/z,29.0,600.0,,2
SID0339,THERMAL,pyro_ms_range,m/z,29.0,600.0,,2
SID0340,THERMAL,pyro_ms_range,m/z,29.0,600.0,,2
SID0344,THERMAL,pyro_ms_range,m/z,40.0,600.0,,2
SID0345,THERMAL,pyro_ms_range,m/z,29.0,600.0,,2
SID0346,THERMAL,pyro_ms_range,m/z,35.0,350.0,,2
SID0350,THERMAL,pyro_ms_range,m/z,29.0,600.0,,2
SID0362,THERMAL,pyro_ms_range,m/z,35.0,600.0,,2
SID0381,THERMAL,pyro_ms_range,m/z,29.0,800.0,,4
SID0407,THERMAL,pyro_ms_range,m/z,29.0,600.0,,2
SID0425,THERMAL,pyro_ms_range,m/z,29.0,600.0,,2
SID0023,THERMAL,pyro_ms_range,m/z,41.0,650.0,,2
SID0064,THERMAL,pyro_ms_range,m/z,40.0,350.0,,2
SID0226,THERMAL,pyro_ms_range,m/z,33.0,500.0,,2
SID0002,FLUOR,fluor_dye,,,,NILE_RED,
SID0004,FLUOR,fluor_dye,,,,NILE_RED,
SID0008,FLUOR,fluor_dye,,,,NILE_RED,
SID0016,FLUOR,fluor_dye,,,,OTHER,
SID0021,FLUOR,fluor_dye,,,,NILE_RED,
SID0050,FLUOR,fluor_dye,,,,NILE_RED,
SID0066,FLUOR,fluor_dye,,,,NILE_RED,
SID0085,FLUOR,fluor_dye,,,,NILE_RED,
SID0086,FLUOR,fluor_dye,,,,NILE_RED,
SID0119,FLUOR,fluor_dye,,,,NILE_RED,
SID0125,FLUOR,fluor_dye,,,,OTHER,
SID0148,FLUOR,fluor_dye,,,,OTHER,
SID0170,FLUOR,fluor_dye,,,,OTHER,
SID0190,FLUOR,fluor_dye,,,,NILE_RED,
SID0199,FLUOR,fluor_dye,,,,OTHER,
SID0204,FLUOR,fluor_dye,,,,NILE_RED,
SID0210,FLUOR,fluor_dye,,,,OTHER,
SID0230,FLUOR,fluor_dye,,,,NILE_RED,
SID0253,FLUOR,fluor_dye,,,,OTHER,
SID0264,FLUOR,fluor_dye,,,,NILE_RED,
SID0273,FLUOR,fluor_dye,,,,NILE_RED,
SID0298,FLUOR,fluor_dye,,,,OTHER,
SID0318,FLUOR,fluor_dye,,,,NILE_RED,
SID0331,FLUOR,fluor_dye,,,,NILE_RED,
SID0333,FLUOR,fluor_dye,,,,NILE_RED,
SID0012,FLUOR,fluor_dye,,,,OTHER,
SID0017,FLUOR,fluor_dye,,,,OTHER,
SID0023,FLUOR,fluor_dye,,,,OTHER,
SID0033,FLUOR,fluor_dye,,,,NILE_RED,
SID0053,FLUOR,fluor_dye,,,,OTHER,
SID0087,FLUOR,fluor_dye,,,,NILE_RED,
SID0100,FLUOR,fluor_dye,,,,OTHER,
SID0105,FLUOR,fluor_dye,,,,NILE_RED,
SID0107,FLUOR,fluor_dye,,,,OTHER,
SID0110,FLUOR,fluor_dye,,,,NILE_RED,
SID0117,FLUOR,fluor_dye,,,,OTHER,
SID0128,FLUOR,fluor_dye,,,,OTHER,
SID0142,FLUOR,fluor_dye,,,,OTHER,
SID0154,FLUOR,fluor_dye,,,,OTHER,
SID0163,FLUOR,fluor_dye,,,,OTHER,
SID0164,FLUOR,fluor_dye,,,,OTHER,
SID0165,FLUOR,fluor_dye,,,,OTHER,
SID0201,FLUOR,fluor_dye,,,,OTHER,
SID0217,FLUOR,fluor_dye,,,,OTHER,
SID0243,FLUOR,fluor_dye,,,,OTHER,
SID0254,FLUOR,fluor_dye,,,,OTHER,
SID0348,FLUOR,fluor_dye,,,,OTHER,
SID0002,FLUOR,fluor_excitation,nm,531.0,531.0,,1
SID0004,FLUOR,fluor_excitation,nm,460.0,460.0,,1
SID0008,FLUOR,fluor_excitation,nm,450.0,490.0,,2
SID0016,FLUOR,fluor_excitation,nm,440.0,488.0,,2
SID0021,FLUOR,fluor_excitation,nm,365.0,490.0,,3
SID0024,FLUOR,fluor_excitation,nm,700.0,700.0,,1
SID0050,FLUOR,fluor_excitation,nm,500.0,500.0,,1
SID0066,FLUOR,fluor_excitation,nm,390.0,390.0,,1
SID0119,FLUOR,fluor_excitation,nm,470.0,470.0,,1
SID0125,FLUOR,fluor_excitation,nm,450.0,565.0,,4
SID0148,FLUOR,fluor_excitation,nm,440.0,460.0,,2
SID0170,FLUOR,fluor_excitation,nm,488.0,488.0,,1
SID0190,FLUOR,fluor_excitation,nm,565.0,565.0,,1
SID0199,FLUOR,fluor_excitation,nm,445.0,510.0,,3
SID0210,FLUOR,fluor_excitation,nm,380.0,495.0,,2
SID0264,FLUOR,fluor_excitation,nm,531.0,531.0,,1
SID0331,FLUOR,fluor_excitation,nm,405.0,488.0,,2
SID0333,FLUOR,fluor_excitation,nm,450.0,490.0,,2
SID0383,FLUOR,fluor_excitation,nm,414.0,488.0,,2
SID0424,FLUOR,fluor_excitation,nm,532.0,532.0,,1
SID0012,FLUOR,fluor_excitation,nm,360.0,360.0,,1
SID0017,FLUOR,fluor_excitation,nm,445.0,542.0,,2
SID0033,FLUOR,fluor_excitation,nm,570.0,570.0,,1
SID0053,FLUOR,fluor_excitation,nm,488.0,488.0,,1
SID0087,FLUOR,fluor_excitation,nm,350.0,565.0,,6
SID0100,FLUOR,fluor_excitation,nm,475.0,560.0,,4
SID0105,FLUOR,fluor_excitation,nm,460.0,460.0,,1
SID0110,FLUOR,fluor_excitation,nm,540.0,560.0,,2
SID0117,FLUOR,fluor_excitation,nm,578.0,628.0,,3
SID0128,FLUOR,fluor_excitation,nm,480.0,480.0,,1
SID0142,FLUOR,fluor_excitation,nm,400.0,415.0,,2
SID0154,FLUOR,fluor_excitation,nm,491.0,647.0,,6
SID0163,FLUOR,fluor_excitation,nm,441.0,485.0,,2
SID0164,FLUOR,fluor_excitation,nm,405.0,561.0,,3
SID0165,FLUOR,fluor_excitation,nm,550.0,550.0,,1
SID0243,FLUOR,fluor_excitation,nm,480.0,640.0,,4
SID0254,FLUOR,fluor_excitation,nm,580.0,580.0,,1
SID0348,FLUOR,fluor_excitation,nm,488.0,561.0,,2
SID0021,SEM,sem_voltage,kV,25.0,25.0,,1
SID0027,SEM,sem_voltage,kV,20.0,20.0,,1
SID0029,SEM,sem_voltage,kV,5.0,30.0,,2
SID0030,SEM,sem_voltage,kV,20.0,20.0,,1
SID0038,SEM,sem_voltage,kV,10.0,10.0,,1
SID0050,SEM,sem_voltage,kV,10.0,10.0,,1
SID0061,SEM,sem_voltage,kV,1.0,7.0,,5
SID0076,SEM,sem_voltage,kV,4.0,20.0,,3
SID0077,SEM,sem_voltage,kV,8.0,20.0,,3
SID0121,SEM,sem_voltage,kV,2.0,2.0,,1
SID0122,SEM,sem_voltage,kV,20.0,20.0,,1
SID0144,SEM,sem_voltage,kV,4.5,30.0,,3
SID0145,SEM,sem_voltage,kV,1.0,15.0,,2
SID0152,SEM,sem_voltage,kV,16.0,16.0,,1
SID0161,SEM,sem_voltage,kV,30.0,30.0,,1
SID0169,SEM,sem_voltage,kV,5.0,30.0,,2
SID0190,SEM,sem_voltage,kV,10.0,10.0,,1
SID0216,SEM,sem_voltage,kV,7.0,8.0,,2
SID0219,SEM,sem_voltage,kV,20.0,20.0,,1
SID0220,SEM,sem_voltage,kV,15.0,15.0,,1
SID0236,SEM,sem_voltage,kV,15.0,15.0,,1
SID0250,SEM,sem_voltage,kV,10.0,10.0,,1
SID0253,SEM,sem_voltage,kV,15.0,15.0,,1
SID0264,SEM,sem_voltage,kV,1.0,15.0,,4
SID0275,SEM,sem_voltage,kV,15.0,15.0,,1
SID0278,SEM,sem_voltage,kV,2.0,2.0,,1
SID0289,SEM,sem_voltage,kV,0.5,30.0,,2
SID0293,SEM,sem_voltage,kV,20.0,20.0,,1
SID0295,SEM,sem_voltage,kV,20.0,20.0,,1
SID0309,SEM,sem_voltage,kV,12.5,12.5,,1
SID0374,SEM,sem_voltage,kV,20.0,20.0,,1
SID0391,SEM,sem_voltage,kV,20.0,20.0,,1
SID0401,SEM,sem_voltage,kV,3.0,3.0,,1
SID0402,SEM,sem_voltage,kV,15.0,15.0,,1
SID0403,SEM,sem_voltage,kV,15.0,15.0,,1
SID0425,SEM,sem_voltage,kV,2.0,5.0,,2
SID0033,SEM,sem_voltage,kV,10.0,20.0,,2
SID0036,SEM,sem_voltage,kV,20.0,20.0,,1
SID0064,SEM,sem_voltage,kV,1.0,15.0,,3
SID0098,SEM,sem_voltage,kV,5.0,5.0,,1
SID0164,SEM,sem_voltage,kV,1.0,5.0,,2
SID0165,SEM,sem_voltage,kV,1.0,5.0,,4
SID0179,SEM,sem_voltage,kV,5.0,5.0,,1
SID0215,SEM,sem_voltage,kV,4.0,4.0,,1
SID0348,SEM,sem_voltage,kV,2.0,2.0,,1
SID0002,SPECTRAL,id_threshold,%,60.0,60.0,,1
SID0003,SPECTRAL,id_threshold,%,65.0,65.0,,1
SID0005,SPECTRAL,id_threshold,%,80.0,80.0,,1
SID0013,SPECTRAL,id_threshold,%,10.0,10.0,,1
SID0014,SPECTRAL,id_threshold,%,75.0,75.0,,1
SID0019,SPECTRAL,id_threshold,%,80.0,80.0,,1
SID0021,SPECTRAL,id_threshold,%,70.0,70.0,,1
SID0027,SPECTRAL,id_threshold,%,70.0,70.0,,1
SID0029,SPECTRAL,id_threshold,%,30.0,30.0,,1
SID0030,SPECTRAL,id_threshold,%,80.0,80.0,,1
SID0034,SPECTRAL,id_threshold,%,70.0,70.0,,1
SID0041,SPECTRAL,id_threshold,%,75.0,75.0,,1
SID0044,SPECTRAL,id_threshold,%,75.0,75.0,,1
SID0047,SPECTRAL,id_threshold,%,80.0,80.0,,1
SID0048,SPECTRAL,id_threshold,%,70.0,70.0,,1
SID0051,SPECTRAL,id_threshold,%,90.0,94.0,,2
SID0054,SPECTRAL,id_threshold,%,70.0,70.0,,1
SID0066,SPECTRAL,id_threshold,%,70.0,70.0,,1
SID0070,SPECTRAL,id_threshold,%,70.0,70.0,,1
SID0072,SPECTRAL,id_threshold,%,60.0,60.0,,1
SID0073,SPECTRAL,id_threshold,%,75.0,75.0,,1
SID0075,SPECTRAL,id_threshold,%,80.0,80.0,,1
SID0076,SPECTRAL,id_threshold,%,70.0,70.0,,1
SID0077,SPECTRAL,id_threshold,%,80.0,80.0,,1
SID0079,SPECTRAL,id_threshold,%,80.0,80.0,,1
SID0080,SPECTRAL,id_threshold,%,75.0,75.0,,1
SID0081,SPECTRAL,id_threshold,%,75.0,75.0,,1
SID0085,SPECTRAL,id_threshold,%,80.0,80.0,,1
SID0089,SPECTRAL,id_threshold,%,70.0,70.0,,1
SID0091,SPECTRAL,id_threshold,%,80.0,80.0,,1
SID0092,SPECTRAL,id_threshold,%,70.0,70.0,,1
SID0093,SPECTRAL,id_threshold,%,70.0,70.0,,1
SID0094,SPECTRAL,id_threshold,%,70.0,70.0,,1
SID0095,SPECTRAL,id_threshold,%,70.0,70.0,,1
SID0097,SPECTRAL,id_threshold,%,60.0,60.0,,1
SID0101,SPECTRAL,id_threshold,%,70.0,70.0,,1
SID0102,SPECTRAL,id_threshold,%,70.0,70.0,,1
SID0103,SPECTRAL,id_threshold,%,70.0,70.0,,1
SID0104,SPECTRAL,id_threshold,%,70.0,70.0,,1
SID0108,SPECTRAL,id_threshold,%,70.0,70.0,,1
SID0109,SPECTRAL,id_threshold,%,85.0,85.0,,1
SID0115,SPECTRAL,id_threshold,%,70.0,70.0,,1
SID0123,SPECTRAL,id_threshold,%,80.0,80.0,,1
SID0126,SPECTRAL,id_threshold,%,80.0,80.0,,1
SID0129,SPECTRAL,id_threshold,%,70.0,70.0,,1
SID0130,SPECTRAL,id_threshold,%,70.0,70.0,,1
SID0133,SPECTRAL,id_threshold,%,70.0,70.0,,1
SID0134,SPECTRAL,id_threshold,%,40.0,40.0,,1
SID0137,SPECTRAL,id_threshold,%,80.0,80.0,,1
SID0141,SPECTRAL,id_threshold,%,80.0,85.0,,2
SID0143,SPECTRAL,id_threshold,%,70.0,70.0,,1
SID0144,SPECTRAL,id_threshold,%,50.0,50.0,,1
SID0145,SPECTRAL,id_threshold,%,70.0,70.0,,1
SID0146,SPECTRAL,id_threshold,%,80.0,80.0,,1
SID0148,SPECTRAL,id_threshold,%,75.0,90.0,,3
SID0149,SPECTRAL,id_threshold,%,70.0,70.0,,1
SID0152,SPECTRAL,id_threshold,%,60.0,60.0,,1
SID0155,SPECTRAL,id_threshold,%,12.0,12.0,,1
SID0159,SPECTRAL,id_threshold,%,70.0,70.0,,1
SID0170,SPECTRAL,id_threshold,%,65.0,65.0,,1
SID0171,SPECTRAL,id_threshold,%,70.0,70.0,,1
SID0174,SPECTRAL,id_threshold,%,85.0,85.0,,1
SID0181,SPECTRAL,id_threshold,%,70.0,70.0,,1
SID0182,SPECTRAL,id_threshold,%,60.0,60.0,,1
SID0183,SPECTRAL,id_threshold,%,70.0,70.0,,1
SID0185,SPECTRAL,id_threshold,%,70.0,70.0,,1
SID0189,SPECTRAL,id_threshold,%,70.0,70.0,,1
SID0192,SPECTRAL,id_threshold,%,70.0,70.0,,1
SID0198,SPECTRAL,id_threshold,%,70.0,70.0,,1
SID0202,SPECTRAL,id_threshold,%,70.0,70.0,,1
SID0205,SPECTRAL,id_threshold,%,70.0,70.0,,1
SID0206,SPECTRAL,id_threshold,%,70.0,70.0,,1
SID0208,SPECTRAL,id_threshold,%,80.0,80.0,,1
SID0210,SPECTRAL,id_threshold,%,80.0,80.0,,1
SID0213,SPECTRAL,id_threshold,%,60.0,60.0,,1
SID0216,SPECTRAL,id_threshold,%,70.0,70.0,,1
SID0220,SPECTRAL,id_threshold,%,70.0,70.0,,1
SID0221,SPECTRAL,id_threshold,%,70.0,70.0,,1
SID0222,SPECTRAL,id_threshold,%,70.0,70.0,,1
SID0225,SPECTRAL,id_threshold,%,65.0,65.0,,1
SID0227,SPECTRAL,id_threshold,%,75.0,75.0,,1
SID0230,SPECTRAL,id_threshold,%,50.0,50.0,,1
SID0235,SPECTRAL,id_threshold,%,50.0,50.0,,1
SID0236,SPECTRAL,id_threshold,%,80.0,80.0,,1
SID0239,SPECTRAL,id_threshold,%,70.0,70.0,,1
SID0240,SPECTRAL,id_threshold,%,60.0,60.0,,1
SID0242,SPECTRAL,id_threshold,%,60.0,60.0,,1
SID0244,SPECTRAL,id_threshold,%,60.0,60.0,,1
SID0245,SPECTRAL,id_threshold,%,60.0,60.0,,1
SID0249,SPECTRAL,id_threshold,%,70.0,70.0,,1
SID0250,SPECTRAL,id_threshold,%,80.0,80.0,,1
SID0251,SPECTRAL,id_threshold,%,70.0,70.0,,1
SID0252,SPECTRAL,id_threshold,%,70.0,70.0,,1
SID0253,SPECTRAL,id_threshold,%,65.0,65.0,,1
SID0255,SPECTRAL,id_threshold,%,80.0,80.0,,1
SID0260,SPECTRAL,id_threshold,%,70.0,70.0,,1
SID0262,SPECTRAL,id_threshold,%,85.0,85.0,,1
SID0264,SPECTRAL,id_threshold,%,60.0,60.0,,1
SID0265,SPECTRAL,id_threshold,%,70.0,70.0,,1
SID0266,SPECTRAL,id_threshold,%,70.0,70.0,,1
SID0267,SPECTRAL,id_threshold,%,80.0,80.0,,1
SID0268,SPECTRAL,id_threshold,%,85.0,85.0,,1
SID0269,SPECTRAL,id_threshold,%,65.0,65.0,,1
SID0272,SPECTRAL,id_threshold,%,80.0,80.0,,1
SID0279,SPECTRAL,id_threshold,%,65.0,65.0,,1
SID0280,SPECTRAL,id_threshold,%,80.0,80.0,,1
SID0286,SPECTRAL,id_threshold,%,65.0,65.0,,1
SID0287,SPECTRAL,id_threshold,%,65.0,65.0,,1
SID0288,SPECTRAL,id_threshold,%,65.0,65.0,,1
SID0290,SPECTRAL,id_threshold,%,80.0,80.0,,1
SID0291,SPECTRAL,id_threshold,%,65.0,65.0,,1
SID0297,SPECTRAL,id_threshold,%,65.0,65.0,,1
SID0301,SPECTRAL,id_threshold,%,70.0,70.0,,1
SID0304,SPECTRAL,id_threshold,%,65.0,65.0,,1
SID0305,SPECTRAL,id_threshold,%,65.0,65.0,,1
SID0307,SPECTRAL,id_threshold,%,75.0,75.0,,2
SID0308,SPECTRAL,id_threshold,%,65.0,65.0,,1
SID0309,SPECTRAL,id_threshold,%,80.0,80.0,,1
SID0311,SPECTRAL,id_threshold,%,80.0,80.0,,1
SID0316,SPECTRAL,id_threshold,%,70.0,80.0,,2
SID0317,SPECTRAL,id_threshold,%,80.0,80.0,,1
SID0320,SPECTRAL,id_threshold,%,70.0,70.0,,1
SID0321,SPECTRAL,id_threshold,%,70.0,70.0,,1
SID0322,SPECTRAL,id_threshold,%,80.0,92.0,,2
SID0323,SPECTRAL,id_threshold,%,80.0,80.0,,1
SID0324,SPECTRAL,id_threshold,%,80.0,92.0,,2
SID0326,SPECTRAL,id_threshold,%,80.0,80.0,,1
SID0327,SPECTRAL,id_threshold,%,65.0,65.0,,1
SID0328,SPECTRAL,id_threshold,%,80.0,80.0,,1
SID0329,SPECTRAL,id_threshold,%,80.0,80.0,,1
SID0332,SPECTRAL,id_threshold,%,80.0,80.0,,1
SID0333,SPECTRAL,id_threshold,%,70.0,70.0,,1
SID0334,SPECTRAL,id_threshold,%,70.0,70.0,,1
SID0335,SPECTRAL,id_threshold,%,90.0,90.0,,1
SID0343,SPECTRAL,id_threshold,%,90.0,90.0,,1
SID0346,SPECTRAL,id_threshold,%,90.0,90.0,,1
SID0349,SPECTRAL,id_threshold,%,70.0,70.0,,1
SID0350,SPECTRAL,id_threshold,%,65.0,65.0,,1
SID0353,SPECTRAL,id_threshold,%,70.0,70.0,,1
SID0354,SPECTRAL,id_threshold,%,64.0,96.0,,3
SID0355,SPECTRAL,id_threshold,%,65.0,65.0,,1
SID0356,SPECTRAL,id_threshold,%,80.0,80.0,,1
SID0357,SPECTRAL,id_threshold,%,70.0,70.0,,1
SID0358,SPECTRAL,id_threshold,%,65.0,65.0,,1
SID0359,SPECTRAL,id_threshold,%,50.0,50.0,,1
SID0360,SPECTRAL,id_threshold,%,65.0,65.0,,1
SID0361,SPECTRAL,id_threshold,%,70.0,70.0,,1
SID0362,SPECTRAL,id_threshold,%,60.0,70.0,,2
SID0364,SPECTRAL,id_threshold,%,65.0,65.0,,1
SID0365,SPECTRAL,id_threshold,%,65.0,65.0,,1
SID0366,SPECTRAL,id_threshold,%,75.0,75.0,,1
SID0369,SPECTRAL,id_threshold,%,92.0,92.0,,1
SID0372,SPECTRAL,id_threshold,%,70.0,70.0,,1
SID0373,SPECTRAL,id_threshold,%,92.0,92.0,,1
SID0380,SPECTRAL,id_threshold,%,80.0,80.0,,1
SID0382,SPECTRAL,id_threshold,%,80.0,80.0,,1
SID0385,SPECTRAL,id_threshold,%,75.0,75.0,,1
SID0387,SPECTRAL,id_threshold,%,90.0,90.0,,1
SID0389,SPECTRAL,id_threshold,%,92.0,92.0,,1
SID0390,SPECTRAL,id_threshold,%,80.0,80.0,,1
SID0394,SPECTRAL,id_threshold,%,70.0,70.0,,1
SID0396,SPECTRAL,id_threshold,%,70.0,70.0,,1
SID0403,SPECTRAL,id_threshold,%,70.0,70.0,,1
SID0404,SPECTRAL,id_threshold,%,70.0,70.0,,1
SID0406,SPECTRAL,id_threshold,%,50.0,60.0,,3
SID0407,SPECTRAL,id_threshold,%,90.0,90.0,,1
SID0418,SPECTRAL,id_threshold,%,80.0,80.0,,1
SID0424,SPECTRAL,id_threshold,%,70.0,70.0,,1
SID0431,SPECTRAL,id_threshold,%,70.0,70.0,,1
SID0065,SPECTRAL,id_threshold,%,1.0,1.0,,1
SID0087,SPECTRAL,id_threshold,%,80.0,80.0,,1
SID0226,SPECTRAL,id_threshold,%,80.0,80.0,,1
SID0002,SPECTRAL,spectral_library,,,,FRONTIER,
SID0002,SPECTRAL,spectral_library,,,,IN_HOUSE,
SID0002,SPECTRAL,spectral_library,,,,HUMMEL,
SID0003,SPECTRAL,spectral_library,,,,AGILENT,
SID0003,SPECTRAL,spectral_library,,,,NIST,
SID0004,SPECTRAL,spectral_library,,,,OMNIC,
SID0005,SPECTRAL,spectral_library,,,,KNOWITALL,
SID0008,SPECTRAL,spectral_library,,,,IN_HOUSE,
SID0010,SPECTRAL,spectral_library,,,,KNOWITALL,
SID0010,SPECTRAL,spectral_library,,,,SLOPP,
SID0014,SPECTRAL,spectral_library,,,,HUMMEL,
SID0016,SPECTRAL,spectral_library,,,,IN_HOUSE,
SID0019,SPECTRAL,spectral_library,,,,PERKINELMER,
SID0024,SPECTRAL,spectral_library,,,,IN_HOUSE,
SID0026,SPECTRAL,spectral_library,,,,OPENSPECY,
SID0026,SPECTRAL,spectral_library,,,,KNOWITALL,
SID0027,SPECTRAL,spectral_library,,,,OMNIC,
SID0028,SPECTRAL,spectral_library,,,,PERKINELMER,
SID0028,SPECTRAL,spectral_library,,,,BRUKER,
SID0029,SPECTRAL,spectral_library,,,,OMNIC,
SID0030,SPECTRAL,spectral_library,,,,OPENSPECY,
SID0031,SPECTRAL,spectral_library,,,,SLOPP,
SID0034,SPECTRAL,spectral_library,,,,PERKINELMER,
SID0035,SPECTRAL,spectral_library,,,,IN_HOUSE,
SID0035,SPECTRAL,spectral_library,,,,SLOPP,
SID0047,SPECTRAL,spectral_library,,,,PERKINELMER,
SID0048,SPECTRAL,spectral_library,,,,IN_HOUSE,
SID0048,SPECTRAL,spectral_library,,,,OMNIC,
SID0051,SPECTRAL,spectral_library,,,,HUMMEL,
SID0054,SPECTRAL,spectral_library,,,,KNOWITALL,
SID0054,SPECTRAL,spectral_library,,,,SLOPP,
SID0056,SPECTRAL,spectral_library,,,,OPENSPECY,
SID0060,SPECTRAL,spectral_library,,,,KNOWITALL,
SID0062,SPECTRAL,spectral_library,,,,PERKINELMER,
SID0063,SPECTRAL,spectral_library,,,,SIMPLE,
SID0063,SPECTRAL,spectral_library,,,,BRUKER,
SID0066,SPECTRAL,spectral_library,,,,OMNIC,
SID0070,SPECTRAL,spectral_library,,,,PERKINELMER,
SID0072,SPECTRAL,spectral_library,,,,OMNIC,
SID0075,SPECTRAL,spectral_library,,,,KNOWITALL,
SID0075,SPECTRAL,spectral_library,,,,SLOPP,
SID0076,SPECTRAL,spectral_library,,,,KNOWITALL,
SID0076,SPECTRAL,spectral_library,,,,HORIBA,
SID0077,SPECTRAL,spectral_library,,,,OMNIC,
SID0078,SPECTRAL,spectral_library,,,,OMNIC,
SID0079,SPECTRAL,spectral_library,,,,AGILENT,
SID0080,SPECTRAL,spectral_library,,,,KNOWITALL,
SID0080,SPECTRAL,spectral_library,,,,SIMPLE,
SID0080,SPECTRAL,spectral_library,,,,SLOPP,
SID0082,SPECTRAL,spectral_library,,,,HUMMEL,
SID0082,SPECTRAL,spectral_library,,,,OMNIC,
SID0084,SPECTRAL,spectral_library,,,,PERKINELMER,
SID0085,SPECTRAL,spectral_library,,,,IN_HOUSE,
SID0085,SPECTRAL,spectral_library,,,,SIMPLE,
SID0085,SPECTRAL,spectral_library,,,,SLOPP,
SID0091,SPECTRAL,spectral_library,,,,RENISHAW,
SID0092,SPECTRAL,spectral_library,,,,OPENSPECY,
SID0093,SPECTRAL,spectral_library,,,,HUMMEL,
SID0094,SPECTRAL,spectral_library,,,,OPENSPECY,
SID0094,SPECTRAL,spectral_library,,,,IN_HOUSE,
SID0095,SPECTRAL,spectral_library,,,,BRUKER,
SID0096,SPECTRAL,spectral_library,,,,BRUKER,
SID0097,SPECTRAL,spectral_library,,,,BRUKER,
SID0101,SPECTRAL,spectral_library,,,,OPENSPECY,
SID0102,SPECTRAL,spectral_library,,,,OMNIC,
SID0103,SPECTRAL,spectral_library,,,,PERKINELMER,
SID0109,SPECTRAL,spectral_library,,,,KNOWITALL,
SID0114,SPECTRAL,spectral_library,,,,STANDARDS,
SID0114,SPECTRAL,spectral_library,,,,PERKINELMER,
SID0115,SPECTRAL,spectral_library,,,,PERKINELMER,
SID0119,SPECTRAL,spectral_library,,,,OPENSPECY,
SID0123,SPECTRAL,spectral_library,,,,KNOWITALL,
SID0125,SPECTRAL,spectral_library,,,,NIST,
SID0126,SPECTRAL,spectral_library,,,,OPENSPECY,
SID0127,SPECTRAL,spectral_library,,,,RENISHAW,
SID0127,SPECTRAL,spectral_library,,,,SLOPP,
SID0129,SPECTRAL,spectral_library,,,,PERKINELMER,
SID0131,SPECTRAL,spectral_library,,,,STANDARDS,
SID0133,SPECTRAL,spectral_library,,,,HUMMEL,
SID0134,SPECTRAL,spectral_library,,,,RENISHAW,
SID0134,SPECTRAL,spectral_library,,,,IN_HOUSE,
SID0136,SPECTRAL,spectral_library,,,,OMNIC,
SID0137,SPECTRAL,spectral_library,,,,STANDARDS,
SID0137,SPECTRAL,spectral_library,,,,KNOWITALL,
SID0143,SPECTRAL,spectral_library,,,,BRUKER,
SID0143,SPECTRAL,spectral_library,,,,OMNIC,
SID0144,SPECTRAL,spectral_library,,,,HUMMEL,
SID0145,SPECTRAL,spectral_library,,,,BRUKER,
SID0146,SPECTRAL,spectral_library,,,,KNOWITALL,
SID0147,SPECTRAL,spectral_library,,,,PERKINELMER,
SID0148,SPECTRAL,spectral_library,,,,AGILENT,
SID0149,SPECTRAL,spectral_library,,,,OPENSPECY,
SID0152,SPECTRAL,spectral_library,,,,OMNIC,
SID0157,SPECTRAL,spectral_library,,,,BRUKER,
SID0158,SPECTRAL,spectral_library,,,,HUMMEL,
SID0158,SPECTRAL,spectral_library,,,,OMNIC,
SID0159,SPECTRAL,spectral_library,,,,IN_HOUSE,
SID0161,SPECTRAL,spectral_library,,,,KNOWITALL,
SID0162,SPECTRAL,spectral_library,,,,OPENSPECY,
SID0167,SPECTRAL,spectral_library,,,,OPENSPECY,
SID0170,SPECTRAL,spectral_library,,,,AGILENT,
SID0171,SPECTRAL,spectral_library,,,,KNOWITALL,
SID0171,SPECTRAL,spectral_library,,,,SLOPP,
SID0172,SPECTRAL,spectral_library,,,,HUMMEL,
SID0173,SPECTRAL,spectral_library,,,,KNOWITALL,
SID0174,SPECTRAL,spectral_library,,,,AGILENT,
SID0175,SPECTRAL,spectral_library,,,,SLOPP,
SID0181,SPECTRAL,spectral_library,,,,SLOPP,
SID0182,SPECTRAL,spectral_library,,,,OPENSPECY,
SID0185,SPECTRAL,spectral_library,,,,PERKINELMER,
SID0189,SPECTRAL,spectral_library,,,,OMNIC,
SID0191,SPECTRAL,spectral_library,,,,OMNIC,
SID0192,SPECTRAL,spectral_library,,,,OPENSPECY,
SID0192,SPECTRAL,spectral_library,,,,SLOPP,
SID0196,SPECTRAL,spectral_library,,,,OPENSPECY,
SID0198,SPECTRAL,spectral_library,,,,PERKINELMER,
SID0198,SPECTRAL,spectral_library,,,,BRUKER,
SID0202,SPECTRAL,spectral_library,,,,SLOPP,
SID0205,SPECTRAL,spectral_library,,,,PERKINELMER,
SID0206,SPECTRAL,spectral_library,,,,BRUKER,
SID0208,SPECTRAL,spectral_library,,,,PERKINELMER,
SID0210,SPECTRAL,spectral_library,,,,IN_HOUSE,
SID0212,SPECTRAL,spectral_library,,,,IN_HOUSE,
SID0213,SPECTRAL,spectral_library,,,,OPENSPECY,
SID0213,SPECTRAL,spectral_library,,,,OMNIC,
SID0214,SPECTRAL,spectral_library,,,,OMNIC,
SID0216,SPECTRAL,spectral_library,,,,KNOWITALL,
SID0218,SPECTRAL,spectral_library,,,,KNOWITALL,
SID0218,SPECTRAL,spectral_library,,,,SLOPP,
SID0219,SPECTRAL,spectral_library,,,,KNOWITALL,
SID0219,SPECTRAL,spectral_library,,,,HORIBA,
SID0220,SPECTRAL,spectral_library,,,,IN_HOUSE,
SID0220,SPECTRAL,spectral_library,,,,OMNIC,
SID0222,SPECTRAL,spectral_library,,,,AGILENT,
SID0223,SPECTRAL,spectral_library,,,,IN_HOUSE,
SID0223,SPECTRAL,spectral_library,,,,OMNIC,
SID0224,SPECTRAL,spectral_library,,,,SIMPLE,
SID0225,SPECTRAL,spectral_library,,,,PERKINELMER,
SID0225,SPECTRAL,spectral_library,,,,AGILENT,
SID0230,SPECTRAL,spectral_library,,,,KNOWITALL,
SID0232,SPECTRAL,spectral_library,,,,OMNIC,
SID0232,SPECTRAL,spectral_library,,,,IN_HOUSE,
SID0232,SPECTRAL,spectral_library,,,,AGILENT,
SID0232,SPECTRAL,spectral_library,,,,SIMPLE,
SID0234,SPECTRAL,spectral_library,,,,IN_HOUSE,
SID0234,SPECTRAL,spectral_library,,,,NIST,
SID0235,SPECTRAL,spectral_library,,,,SLOPP,
SID0238,SPECTRAL,spectral_library,,,,IN_HOUSE,
SID0239,SPECTRAL,spectral_library,,,,AGILENT,
SID0240,SPECTRAL,spectral_library,,,,OPENSPECY,
SID0242,SPECTRAL,spectral_library,,,,PERKINELMER,
SID0244,SPECTRAL,spectral_library,,,,OMNIC,
SID0247,SPECTRAL,spectral_library,,,,KNOWITALL,
SID0248,SPECTRAL,spectral_library,,,,IN_HOUSE,
SID0249,SPECTRAL,spectral_library,,,,OMNIC,
SID0250,SPECTRAL,spectral_library,,,,OPENSPECY,
SID0252,SPECTRAL,spectral_library,,,,SLOPP,
SID0253,SPECTRAL,spectral_library,,,,AGILENT,
SID0255,SPECTRAL,spectral_library,,,,KNOWITALL,
SID0255,SPECTRAL,spectral_library,,,,SLOPP,
SID0256,SPECTRAL,spectral_library,,,,HUMMEL,
SID0260,SPECTRAL,spectral_library,,,,OMNIC,
SID0262,SPECTRAL,spectral_library,,,,RENISHAW,
SID0264,SPECTRAL,spectral_library,,,,FRONTIER,
SID0264,SPECTRAL,spectral_library,,,,HUMMEL,
SID0265,SPECTRAL,spectral_library,,,,KNOWITALL,
SID0265,SPECTRAL,spectral_library,,,,IN_HOUSE,
SID0265,SPECTRAL,spectral_library,,,,HUMMEL,
SID0265,SPECTRAL,spectral_library,,,,OMNIC,
SID0266,SPECTRAL,spectral_library,,,,PERKINELMER,
SID0266,SPECTRAL,spectral_library,,,,IN_HOUSE,
SID0267,SPECTRAL,spectral_library,,,,PERKINELMER,
SID0267,SPECTRAL,spectral_library,,,,AGILENT,
SID0268,SPECTRAL,spectral_library,,,,IN_HOUSE,
SID0269,SPECTRAL,spectral_library,,,,PERKINELMER,
SID0269,SPECTRAL,spectral_library,,,,AGILENT,
SID0272,SPECTRAL,spectral_library,,,,PERKINELMER,
SID0272,SPECTRAL,spectral_library,,,,AGILENT,
SID0275,SPECTRAL,spectral_library,,,,SIMPLE,
SID0279,SPECTRAL,spectral_library,,,,AGILENT,
SID0280,SPECTRAL,spectral_library,,,,OMNIC,
SID0283,SPECTRAL,spectral_library,,,,KNOWITALL,
SID0283,SPECTRAL,spectral_library,,,,SLOPP,
SID0284,SPECTRAL,spectral_library,,,,NIST,
SID0286,SPECTRAL,spectral_library,,,,NIST,
SID0287,SPECTRAL,spectral_library,,,,PERKINELMER,
SID0287,SPECTRAL,spectral_library,,,,AGILENT,
SID0288,SPECTRAL,spectral_library,,,,AGILENT,
SID0288,SPECTRAL,spectral_library,,,,NIST,
SID0289,SPECTRAL,spectral_library,,,,PERKINELMER,
SID0290,SPECTRAL,spectral_library,,,,KNOWITALL,
SID0295,SPECTRAL,spectral_library,,,,KNOWITALL,
SID0297,SPECTRAL,spectral_library,,,,PERKINELMER,
SID0301,SPECTRAL,spectral_library,,,,SIMPLE,
SID0304,SPECTRAL,spectral_library,,,,AGILENT,
SID0304,SPECTRAL,spectral_library,,,,IN_HOUSE,
SID0309,SPECTRAL,spectral_library,,,,AGILENT,
SID0311,SPECTRAL,spectral_library,,,,IN_HOUSE,
SID0311,SPECTRAL,spectral_library,,,,AGILENT,
SID0311,SPECTRAL,spectral_library,,,,NIST,
SID0313,SPECTRAL,spectral_library,,,,SLOPP,
SID0316,SPECTRAL,spectral_library,,,,KNOWITALL,
SID0316,SPECTRAL,spectral_library,,,,SLOPP,
SID0317,SPECTRAL,spectral_library,,,,PERKINELMER,
SID0320,SPECTRAL,spectral_library,,,,OMNIC,
SID0321,SPECTRAL,spectral_library,,,,KNOWITALL,
SID0323,SPECTRAL,spectral_library,,,,AGILENT,
SID0324,SPECTRAL,spectral_library,,,,AGILENT,
SID0326,SPECTRAL,spectral_library,,,,PERKINELMER,
SID0327,SPECTRAL,spectral_library,,,,AGILENT,
SID0328,SPECTRAL,spectral_library,,,,IN_HOUSE,
SID0328,SPECTRAL,spectral_library,,,,AGILENT,
SID0329,SPECTRAL,spectral_library,,,,AGILENT,
SID0332,SPECTRAL,spectral_library,,,,AGILENT,
SID0333,SPECTRAL,spectral_library,,,,KNOWITALL,
SID0333,SPECTRAL,spectral_library,,,,SLOPP,
SID0334,SPECTRAL,spectral_library,,,,KNOWITALL,
SID0334,SPECTRAL,spectral_library,,,,SLOPP,
SID0335,SPECTRAL,spectral_library,,,,AGILENT,
SID0343,SPECTRAL,spectral_library,,,,PERKINELMER,
SID0343,SPECTRAL,spectral_library,,,,AGILENT,
SID0346,SPECTRAL,spectral_library,,,,IN_HOUSE,
SID0346,SPECTRAL,spectral_library,,,,AGILENT,
SID0347,SPECTRAL,spectral_library,,,,OPENSPECY,
SID0349,SPECTRAL,spectral_library,,,,KNOWITALL,
SID0349,SPECTRAL,spectral_library,,,,SLOPP,
SID0350,SPECTRAL,spectral_library,,,,AGILENT,
SID0350,SPECTRAL,spectral_library,,,,NIST,
SID0353,SPECTRAL,spectral_library,,,,KNOWITALL,
SID0354,SPECTRAL,spectral_library,,,,KNOWITALL,
SID0355,SPECTRAL,spectral_library,,,,PERKINELMER,
SID0355,SPECTRAL,spectral_library,,,,AGILENT,
SID0356,SPECTRAL,spectral_library,,,,KNOWITALL,
SID0357,SPECTRAL,spectral_library,,,,RENISHAW,
SID0357,SPECTRAL,spectral_library,,,,OMNIC,
SID0358,SPECTRAL,spectral_library,,,,PERKINELMER,
SID0361,SPECTRAL,spectral_library,,,,OMNIC,
SID0362,SPECTRAL,spectral_library,,,,KNOWITALL,
SID0362,SPECTRAL,spectral_library,,,,OMNIC,
SID0364,SPECTRAL,spectral_library,,,,AGILENT,
SID0365,SPECTRAL,spectral_library,,,,AGILENT,
SID0366,SPECTRAL,spectral_library,,,,RENISHAW,
SID0366,SPECTRAL,spectral_library,,,,IN_HOUSE,
SID0369,SPECTRAL,spectral_library,,,,IN_HOUSE,
SID0369,SPECTRAL,spectral_library,,,,AGILENT,
SID0371,SPECTRAL,spectral_library,,,,PERKINELMER,
SID0371,SPECTRAL,spectral_library,,,,IN_HOUSE,
SID0372,SPECTRAL,spectral_library,,,,SLOPP,
SID0373,SPECTRAL,spectral_library,,,,IN_HOUSE,
SID0373,SPECTRAL,spectral_library,,,,AGILENT,
SID0380,SPECTRAL,spectral_library,,,,HUMMEL,
SID0381,SPECTRAL,spectral_library,,,,KNOWITALL,
SID0381,SPECTRAL,spectral_library,,,,SLOPP,
SID0381,SPECTRAL,spectral_library,,,,NIST,
SID0382,SPECTRAL,spectral_library,,,,AGILENT,
SID0383,SPECTRAL,spectral_library,,,,IN_HOUSE,
SID0384,SPECTRAL,spectral_library,,,,IN_HOUSE,
SID0385,SPECTRAL,spectral_library,,,,KNOWITALL,
SID0386,SPECTRAL,spectral_library,,,,PERKINELMER,
SID0386,SPECTRAL,spectral_library,,,,AGILENT,
SID0389,SPECTRAL,spectral_library,,,,IN_HOUSE,
SID0389,SPECTRAL,spectral_library,,,,AGILENT,
SID0390,SPECTRAL,spectral_library,,,,HUMMEL,
SID0393,SPECTRAL,spectral_library,,,,KNOWITALL,
SID0393,SPECTRAL,spectral_library,,,,SLOPP,
SID0394,SPECTRAL,spectral_library,,,,OPENSPECY,
SID0406,SPECTRAL,spectral_library,,,,OMNIC,
SID0407,SPECTRAL,spectral_library,,,,IN_HOUSE,
SID0407,SPECTRAL,spectral_library,,,,AGILENT,
SID0408,SPECTRAL,spectral_library,,,,RENISHAW,
SID0409,SPECTRAL,spectral_library,,,,BRUKER,
SID0413,SPECTRAL,spectral_library,,,,RENISHAW,
SID0413,SPECTRAL,spectral_library,,,,SLOPP,
SID0418,SPECTRAL,spectral_library,,,,KNOWITALL,
SID0418,SPECTRAL,spectral_library,,,,SLOPP,
SID0420,SPECTRAL,spectral_library,,,,BRUKER,
SID0424,SPECTRAL,spectral_library,,,,HORIBA,
SID0431,SPECTRAL,spectral_library,,,,NIST,
SID0053,SPECTRAL,spectral_library,,,,PERKINELMER,
SID0058,SPECTRAL,spectral_library,,,,KNOWITALL,
SID0058,SPECTRAL,spectral_library,,,,SLOPP,
SID0065,SPECTRAL,spectral_library,,,,IN_HOUSE,
SID0105,SPECTRAL,spectral_library,,,,KNOWITALL,
SID0105,SPECTRAL,spectral_library,,,,AGILENT,
SID0165,SPECTRAL,spectral_library,,,,NIST,
SID0207,SPECTRAL,spectral_library,,,,IN_HOUSE,
SID0226,SPECTRAL,spectral_library,,,,KNOWITALL,
SID0226,SPECTRAL,spectral_library,,,,FRONTIER,
SID0226,SPECTRAL,spectral_library,,,,IN_HOUSE,
SID0257,SPECTRAL,spectral_library,,,,KNOWITALL,
SID0257,SPECTRAL,spectral_library,,,,IN_HOUSE,
