run_id,study_id,technique,family,identifies_polymer,reports_mass,reports_size_shape
SID0001-PYGCMS,SID0001,PYGCMS,THERMAL,yes,yes,no
SID0002-FLUOR,SID0002,FLUOR,FLUOR,no,no,yes
SID0002-ATR_FTIR,SID0002,ATR_FTIR,FTIR,yes,no,yes
SID0002-PYGCMS,SID0002,PYGCMS,THERMAL,yes,yes,no
SID0003-LDIR,SID0003,LDIR,FTIR,yes,no,yes
SID0003-PYGCMS,SID0003,PYGCMS,THERMAL,yes,yes,no
SID0003-SEM,SID0003,SEM,SEM,no,no,yes
SID0004-FLUOR,SID0004,FLUOR,FLUOR,no,no,yes
SID0004-RAMAN,SID0004,RAMAN,RAMAN,yes,no,yes
SID0005-RAMAN,SID0005,RAMAN,RAMAN,yes,no,yes
SID0007-PYGCMS,SID0007,PYGCMS,THERMAL,yes,yes,no
SID0008-FLUOR,SID0008,FLUOR,FLUOR,no,no,yes
SID0008-RAMAN,SID0008,RAMAN,RAMAN,yes,no,yes
SID0009-PYGCMS,SID0009,PYGCMS,THERMAL,yes,yes,no
SID0010-RAMAN,SID0010,RAMAN,RAMAN,yes,no,yes
SID0013-RAMAN,SID0013,RAMAN,RAMAN,yes,no,yes
SID0013-PYGCMS,SID0013,PYGCMS,THERMAL,yes,yes,no
SID0014-OPTICAL,SID0014,OPTICAL,OPTICAL,no,no,yes
SID0014-UFTIR,SID0014,UFTIR,FTIR,yes,no,yes
SID0015-PYGCMS,SID0015,PYGCMS,THERMAL,yes,yes,no
SID0016-FLUOR,SID0016,FLUOR,FLUOR,no,no,yes
SID0016-RAMAN,SID0016,RAMAN,RAMAN,yes,no,yes
SID0016-SEM,SID0016,SEM,SEM,no,no,yes
SID0018-PYGCMS,SID0018,PYGCMS,THERMAL,yes,yes,no
SID0019-PYGCMS,SID0019,PYGCMS,THERMAL,yes,yes,no
SID0019-UFTIR,SID0019,UFTIR,FTIR,yes,no,yes
SID0020-PYGCMS,SID0020,PYGCMS,THERMAL,yes,yes,no
SID0021-FLUOR,SID0021,FLUOR,FLUOR,no,no,yes
SID0021-RAMAN,SID0021,RAMAN,RAMAN,yes,no,yes
SID0021-OPTICAL,SID0021,OPTICAL,OPTICAL,no,no,yes
SID0021-SEM,SID0021,SEM,SEM,no,no,yes
SID0022-PYGCMS,SID0022,PYGCMS,THERMAL,yes,yes,no
SID0024-FLUOR,SID0024,FLUOR,FLUOR,no,no,yes
SID0024-RAMAN,SID0024,RAMAN,RAMAN,yes,no,yes
SID0026-RAMAN,SID0026,RAMAN,RAMAN,yes,no,yes
SID0026-UFTIR,SID0026,UFTIR,FTIR,yes,no,yes
SID0027-RAMAN,SID0027,RAMAN,RAMAN,yes,no,yes
SID0027-OPTICAL,SID0027,OPTICAL,OPTICAL,no,no,yes
SID0027-SEM,SID0027,SEM,SEM,no,no,yes
SID0027-UFTIR,SID0027,UFTIR,FTIR,yes,no,yes
SID0028-ATR_FTIR,SID0028,ATR_FTIR,FTIR,yes,no,yes
SID0029-RAMAN,SID0029,RAMAN,RAMAN,yes,no,yes
SID0029-ATR_FTIR,SID0029,ATR_FTIR,FTIR,yes,no,yes
SID0029-SEM,SID0029,SEM,SEM,no,no,yes
SID0029-AFM,SID0029,AFM,AFM,no,no,yes
SID0030-RAMAN,SID0030,RAMAN,RAMAN,yes,no,yes
SID0030-SEM,SID0030,SEM,SEM,no,no,yes
SID0031-RAMAN,SID0031,RAMAN,RAMAN,yes,no,yes
SID0031-OPTICAL,SID0031,OPTICAL,OPTICAL,no,no,yes
SID0032-PYGCMS,SID0032,PYGCMS,THERMAL,yes,yes,no
SID0034-RAMAN,SID0034,RAMAN,RAMAN,yes,no,yes
SID0035-RAMAN,SID0035,RAMAN,RAMAN,yes,no,yes
SID0035-UFTIR,SID0035,UFTIR,FTIR,yes,no,yes
SID0037-PYGCMS,SID0037,PYGCMS,THERMAL,yes,yes,no
SID0038-OPTICAL,SID0038,OPTICAL,OPTICAL,no,no,yes
SID0038-ATR_FTIR,SID0038,ATR_FTIR,FTIR,yes,no,yes
SID0038-SEM,SID0038,SEM,SEM,no,no,yes
SID0038-UFTIR,SID0038,UFTIR,FTIR,yes,no,yes
SID0039-OPTICAL,SID0039,OPTICAL,OPTICAL,no,no,yes
SID0039-ATR_FTIR,SID0039,ATR_FTIR,FTIR,yes,no,yes
SID0039-UFTIR,SID0039,UFTIR,FTIR,yes,no,yes
SID0040-OPTICAL,SID0040,OPTICAL,OPTICAL,no,no,yes
SID0040-UFTIR,SID0040,UFTIR,FTIR,yes,no,yes
SID0041-OPTICAL,SID0041,OPTICAL,OPTICAL,no,no,yes
SID0041-ATR_FTIR,SID0041,ATR_FTIR,FTIR,yes,no,yes
SID0042-RAMAN,SID0042,RAMAN,RAMAN,yes,no,yes
SID0042-OPTICAL,SID0042,OPTICAL,OPTICAL,no,no,yes
SID0043-RAMAN,SID0043,RAMAN,RAMAN,yes,no,yes
SID0043-OPTICAL,SID0043,OPTICAL,OPTICAL,no,no,yes
SID0044-OPTICAL,SID0044,OPTICAL,OPTICAL,no,no,yes
SID0044-ATR_FTIR,SID0044,ATR_FTIR,FTIR,yes,no,yes
SID0046-RAMAN,SID0046,RAMAN,RAMAN,yes,no,yes
SID0046-FLUOR,SID0046,FLUOR,FLUOR,no,no,yes
SID0047-OPTICAL,SID0047,OPTICAL,OPTICAL,no,no,yes
SID0047-ATR_FTIR,SID0047,ATR_FTIR,FTIR,yes,no,yes
SID0048-OPTICAL,SID0048,OPTICAL,OPTICAL,no,no,yes
SID0048-UFTIR,SID0048,UFTIR,FTIR,yes,no,yes
SID0049-OPTICAL,SID0049,OPTICAL,OPTICAL,no,no,yes
SID0049-UFTIR,SID0049,UFTIR,FTIR,yes,no,yes
SID0050-FLUOR,SID0050,FLUOR,FLUOR,no,no,yes
SID0050-OPTICAL,SID0050,OPTICAL,OPTICAL,no,no,yes
SID0050-ATR_FTIR,SID0050,ATR_FTIR,FTIR,yes,no,yes
SID0050-SEM,SID0050,SEM,SEM,no,no,yes
SID0051-OPTICAL,SID0051,OPTICAL,OPTICAL,no,no,yes
SID0051-ATR_FTIR,SID0051,ATR_FTIR,FTIR,yes,no,yes
SID0052-OPTICAL,SID0052,OPTICAL,OPTICAL,no,no,yes
SID0052-UFTIR,SID0052,UFTIR,FTIR,yes,no,yes
SID0054-RAMAN,SID0054,RAMAN,RAMAN,yes,no,yes
SID0055-SEM,SID0055,SEM,SEM,no,no,yes
SID0055-PYGCMS,SID0055,PYGCMS,THERMAL,yes,yes,no
SID0056-RAMAN,SID0056,RAMAN,RAMAN,yes,no,yes
SID0056-OPTICAL,SID0056,OPTICAL,OPTICAL,no,no,yes
SID0057-PYGCMS,SID0057,PYGCMS,THERMAL,yes,yes,no
SID0059-RAMAN,SID0059,RAMAN,RAMAN,yes,no,yes
SID0059-ATR_FTIR,SID0059,ATR_FTIR,FTIR,yes,no,yes
SID0060-OPTICAL,SID0060,OPTICAL,OPTICAL,no,no,yes
SID0060-UFTIR,SID0060,UFTIR,FTIR,yes,no,yes
SID0061-OPTICAL,SID0061,OPTICAL,OPTICAL,no,no,yes
SID0061-SEM,SID0061,SEM,SEM,no,no,yes
SID0061-UFTIR,SID0061,UFTIR,FTIR,yes,no,yes
SID0062-OPTICAL,SID0062,OPTICAL,OPTICAL,no,no,yes
SID0062-ATR_FTIR,SID0062,ATR_FTIR,FTIR,yes,no,yes
SID0063-UFTIR,SID0063,UFTIR,FTIR,yes,no,yes
SID0066-FLUOR,SID0066,FLUOR,FLUOR,no,no,yes
SID0066-UFTIR,SID0066,UFTIR,FTIR,yes,no,yes
SID0068-ATR_FTIR,SID0068,ATR_FTIR,FTIR,yes,no,yes
SID0068-UFTIR,SID0068,UFTIR,FTIR,yes,no,yes
SID0069-ATR_FTIR,SID0069,ATR_FTIR,FTIR,yes,no,yes
SID0070-UFTIR,SID0070,UFTIR,FTIR,yes,no,yes
SID0070-ATR_FTIR,SID0070,ATR_FTIR,FTIR,yes,no,yes
SID0071-RAMAN,SID0071,RAMAN,RAMAN,yes,no,yes
SID0071-OPTICAL,SID0071,OPTICAL,OPTICAL,no,no,yes
SID0072-UFTIR,SID0072,UFTIR,FTIR,yes,no,yes
SID0073-OPTICAL,SID0073,OPTICAL,OPTICAL,no,no,yes
SID0073-ATR_FTIR,SID0073,ATR_FTIR,FTIR,yes,no,yes
SID0074-PYGCMS,SID0074,PYGCMS,THERMAL,yes,yes,no
SID0075-RAMAN,SID0075,RAMAN,RAMAN,yes,no,yes
SID0075-OPTICAL,SID0075,OPTICAL,OPTICAL,no,no,yes
SID0076-RAMAN,SID0076,RAMAN,RAMAN,yes,no,yes
SID0076-OPTICAL,SID0076,OPTICAL,OPTICAL,no,no,yes
SID0076-SEM,SID0076,SEM,SEM,no,no,yes
SID0077-OPTICAL,SID0077,OPTICAL,OPTICAL,no,no,yes
SID0077-ATR_FTIR,SID0077,ATR_FTIR,FTIR,yes,no,yes
SID0077-SEM,SID0077,SEM,SEM,no,no,yes
SID0078-ATR_FTIR,SID0078,ATR_FTIR,FTIR,yes,no,yes
SID0079-OPTICAL,SID0079,OPTICAL,OPTICAL,no,no,yes
SID0079-ATR_FTIR,SID0079,ATR_FTIR,FTIR,yes,no,yes
SID0080-OPTICAL,SID0080,OPTICAL,OPTICAL,no,no,yes
SID0080-UFTIR,SID0080,UFTIR,FTIR,yes,no,yes
SID0081-OPTICAL,SID0081,OPTICAL,OPTICAL,no,no,yes
SID0081-ATR_FTIR,SID0081,ATR_FTIR,FTIR,yes,no,yes
SID0082-OPTICAL,SID0082,OPTICAL,OPTICAL,no,no,yes
SID0082-UFTIR,SID0082,UFTIR,FTIR,yes,no,yes
SID0083-OPTICAL,SID0083,OPTICAL,OPTICAL,no,no,yes
SID0083-ATR_FTIR,SID0083,ATR_FTIR,FTIR,yes,no,yes
SID0084-OPTICAL,SID0084,OPTICAL,OPTICAL,no,no,yes
SID0084-UFTIR,SID0084,UFTIR,FTIR,yes,no,yes
SID0085-FLUOR,SID0085,FLUOR,FLUOR,no,no,yes
SID0085-RAMAN,SID0085,RAMAN,RAMAN,yes,no,yes
SID0086-FLUOR,SID0086,FLUOR,FLUOR,no,no,yes
SID0086-UFTIR,SID0086,UFTIR,FTIR,yes,no,yes
SID0088-OPTICAL,SID0088,OPTICAL,OPTICAL,no,no,yes
SID0088-ATR_FTIR,SID0088,ATR_FTIR,FTIR,yes,no,yes
SID0089-RAMAN,SID0089,RAMAN,RAMAN,yes,no,yes
SID0089-OPTICAL,SID0089,OPTICAL,OPTICAL,no,no,yes
SID0090-OPTICAL,SID0090,OPTICAL,OPTICAL,no,no,yes
SID0090-UFTIR,SID0090,UFTIR,FTIR,yes,no,yes
SID0091-RAMAN,SID0091,RAMAN,RAMAN,yes,no,yes
SID0092-OPTICAL,SID0092,OPTICAL,OPTICAL,no,no,yes
SID0092-UFTIR,SID0092,UFTIR,FTIR,yes,no,yes
SID0093-OPTICAL,SID0093,OPTICAL,OPTICAL,no,no,yes
SID0093-ATR_FTIR,SID0093,ATR_FTIR,FTIR,yes,no,yes
SID0094-OPTICAL,SID0094,OPTICAL,OPTICAL,no,no,yes
SID0094-ATR_FTIR,SID0094,ATR_FTIR,FTIR,yes,no,yes
SID0094-UFTIR,SID0094,UFTIR,FTIR,yes,no,yes
SID0094-RAMAN,SID0094,RAMAN,RAMAN,yes,no,yes
SID0095-RAMAN,SID0095,RAMAN,RAMAN,yes,no,yes
SID0095-OPTICAL,SID0095,OPTICAL,OPTICAL,no,no,yes
SID0096-OPTICAL,SID0096,OPTICAL,OPTICAL,no,no,yes
SID0096-UFTIR,SID0096,UFTIR,FTIR,yes,no,yes
SID0097-OPTICAL,SID0097,OPTICAL,OPTICAL,no,no,yes
SID0097-ATR_FTIR,SID0097,ATR_FTIR,FTIR,yes,no,yes
SID0097-SEM,SID0097,SEM,SEM,no,no,yes
SID0097-UFTIR,SID0097,UFTIR,FTIR,yes,no,yes
SID0101-OPTICAL,SID0101,OPTICAL,OPTICAL,no,no,yes
SID0101-ATR_FTIR,SID0101,ATR_FTIR,FTIR,yes,no,yes
SID0101-UFTIR,SID0101,UFTIR,FTIR,yes,no,yes
SID0102-OPTICAL,SID0102,OPTICAL,OPTICAL,no,no,yes
SID0102-UFTIR,SID0102,UFTIR,FTIR,yes,no,yes
SID0103-ATR_FTIR,SID0103,ATR_FTIR,FTIR,yes,no,yes
SID0103-UFTIR,SID0103,UFTIR,FTIR,yes,no,yes
SID0104-OPTICAL,SID0104,OPTICAL,OPTICAL,no,no,yes
SID0104-ATR_FTIR,SID0104,ATR_FTIR,FTIR,yes,no,yes
SID0106-ATR_FTIR,SID0106,ATR_FTIR,FTIR,yes,no,yes
SID0106-SEM,SID0106,SEM,SEM,no,no,yes
SID0106-UFTIR,SID0106,UFTIR,FTIR,yes,no,yes
SID0108-OPTICAL,SID0108,OPTICAL,OPTICAL,no,no,yes
SID0108-ATR_FTIR,SID0108,ATR_FTIR,FTIR,yes,no,yes
SID0108-UFTIR,SID0108,UFTIR,FTIR,yes,no,yes
SID0109-RAMAN,SID0109,RAMAN,RAMAN,yes,no,yes
SID0112-PYGCMS,SID0112,PYGCMS,THERMAL,yes,yes,no
SID0113-PYGCMS,SID0113,PYGCMS,THERMAL,yes,yes,no
SID0114-ATR_FTIR,SID0114,ATR_FTIR,FTIR,yes,no,yes
SID0114-PYGCMS,SID0114,PYGCMS,THERMAL,yes,yes,no
SID0115-UFTIR,SID0115,UFTIR,FTIR,yes,no,yes
SID0116-PYGCMS,SID0116,PYGCMS,THERMAL,yes,yes,no
SID0118-PYGCMS,SID0118,PYGCMS,THERMAL,yes,yes,no
SID0119-FLUOR,SID0119,FLUOR,FLUOR,no,no,yes
SID0119-RAMAN,SID0119,RAMAN,RAMAN,yes,no,yes
SID0120-PYGCMS,SID0120,PYGCMS,THERMAL,yes,yes,no
SID0121-RAMAN,SID0121,RAMAN,RAMAN,yes,no,yes
SID0121-SEM,SID0121,SEM,SEM,no,no,yes
SID0121-FTIR,SID0121,FTIR,FTIR,yes,no,yes
SID0122-OPTICAL,SID0122,OPTICAL,OPTICAL,no,no,yes
SID0122-SEM,SID0122,SEM,SEM,no,no,yes
SID0123-RAMAN,SID0123,RAMAN,RAMAN,yes,no,yes
SID0125-FLUOR,SID0125,FLUOR,FLUOR,no,no,yes
SID0125-OPTICAL,SID0125,OPTICAL,OPTICAL,no,no,yes
SID0125-RAMAN,SID0125,RAMAN,RAMAN,yes,no,yes
SID0126-RAMAN,SID0126,RAMAN,RAMAN,yes,no,yes
SID0126-ATR_FTIR,SID0126,ATR_FTIR,FTIR,yes,no,yes
SID0126-UFTIR,SID0126,UFTIR,FTIR,yes,no,yes
SID0127-RAMAN,SID0127,RAMAN,RAMAN,yes,no,yes
SID0129-OPTICAL,SID0129,OPTICAL,OPTICAL,no,no,yes
SID0129-ATR_FTIR,SID0129,ATR_FTIR,FTIR,yes,no,yes
SID0129-SEM,SID0129,SEM,SEM,no,no,yes
SID0129-UFTIR,SID0129,UFTIR,FTIR,yes,no,yes
SID0130-ATR_FTIR,SID0130,ATR_FTIR,FTIR,yes,no,yes
SID0131-UFTIR,SID0131,UFTIR,FTIR,yes,no,yes
SID0131-PYGCMS,SID0131,PYGCMS,THERMAL,yes,yes,no
SID0131-SEM,SID0131,SEM,SEM,no,no,yes
SID0132-RAMAN,SID0132,RAMAN,RAMAN,yes,no,yes
SID0132-FTIR,SID0132,FTIR,FTIR,yes,no,yes
SID0133-OPTICAL,SID0133,OPTICAL,OPTICAL,no,no,yes
SID0133-ATR_FTIR,SID0133,ATR_FTIR,FTIR,yes,no,yes
SID0134-RAMAN,SID0134,RAMAN,RAMAN,yes,no,yes
SID0135-OPTICAL,SID0135,OPTICAL,OPTICAL,no,no,yes
SID0135-ATR_FTIR,SID0135,ATR_FTIR,FTIR,yes,no,yes
SID0135-UFTIR,SID0135,UFTIR,FTIR,yes,no,yes
SID0136-OPTICAL,SID0136,OPTICAL,OPTICAL,no,no,yes
SID0136-UFTIR,SID0136,UFTIR,FTIR,yes,no,yes
SID0137-RAMAN,SID0137,RAMAN,RAMAN,yes,no,yes
SID0138-OPTICAL,SID0138,OPTICAL,OPTICAL,no,no,yes
SID0138-ATR_FTIR,SID0138,ATR_FTIR,FTIR,yes,no,yes
SID0138-UFTIR,SID0138,UFTIR,FTIR,yes,no,yes
SID0139-RAMAN,SID0139,RAMAN,RAMAN,yes,no,yes
SID0139-OPTICAL,SID0139,OPTICAL,OPTICAL,no,no,yes
SID0140-PYGCMS,SID0140,PYGCMS,THERMAL,yes,yes,no
SID0141-OPTICAL,SID0141,OPTICAL,OPTICAL,no,no,yes
SID0141-ATR_FTIR,SID0141,ATR_FTIR,FTIR,yes,no,yes
SID0141-UFTIR,SID0141,UFTIR,FTIR,yes,no,yes
SID0143-OPTICAL,SID0143,OPTICAL,OPTICAL,no,no,yes
SID0143-ATR_FTIR,SID0143,ATR_FTIR,FTIR,yes,no,yes
SID0143-UFTIR,SID0143,UFTIR,FTIR,yes,no,yes
SID0144-OPTICAL,SID0144,OPTICAL,OPTICAL,no,no,yes
SID0144-ATR_FTIR,SID0144,ATR_FTIR,FTIR,yes,no,yes
SID0144-SEM,SID0144,SEM,SEM,no,no,yes
SID0145-OPTICAL,SID0145,OPTICAL,OPTICAL,no,no,yes
SID0145-UFTIR,SID0145,UFTIR,FTIR,yes,no,yes
SID0145-SEM,SID0145,SEM,SEM,no,no,yes
SID0145-ICPMS,SID0145,ICPMS,ICPMS,no,yes,yes
SID0145-LCMS,SID0145,LCMS,LCMS,yes,yes,no
SID0146-RAMAN,SID0146,RAMAN,RAMAN,yes,no,yes
SID0147-OPTICAL,SID0147,OPTICAL,OPTICAL,no,no,yes
SID0147-UFTIR,SID0147,UFTIR,FTIR,yes,no,yes
SID0148-UFTIR,SID0148,UFTIR,FTIR,yes,no,yes
SID0148-LDIR,SID0148,LDIR,FTIR,yes,no,yes
SID0148-FLUOR,SID0148,FLUOR,FLUOR,no,no,yes
SID0149-RAMAN,SID0149,RAMAN,RAMAN,yes,no,yes
SID0149-OPTICAL,SID0149,OPTICAL,OPTICAL,no,no,yes
SID0150-RAMAN,SID0150,RAMAN,RAMAN,yes,no,yes
SID0151-OPTICAL,SID0151,OPTICAL,OPTICAL,no,no,yes
SID0151-UFTIR,SID0151,UFTIR,FTIR,yes,no,yes
SID0152-OPTICAL,SID0152,OPTICAL,OPTICAL,no,no,yes
SID0152-PYGCMS,SID0152,PYGCMS,THERMAL,yes,yes,no
SID0152-SEM,SID0152,SEM,SEM,no,no,yes
SID0152-UFTIR,SID0152,UFTIR,FTIR,yes,no,yes
SID0153-OPTICAL,SID0153,OPTICAL,OPTICAL,no,no,yes
SID0155-RAMAN,SID0155,RAMAN,RAMAN,yes,no,yes
SID0156-FLUOR,SID0156,FLUOR,FLUOR,no,no,yes
SID0156-OPTICAL,SID0156,OPTICAL,OPTICAL,no,no,yes
SID0157-UFTIR,SID0157,UFTIR,FTIR,yes,no,yes
SID0158-OPTICAL,SID0158,OPTICAL,OPTICAL,no,no,yes
SID0158-ATR_FTIR,SID0158,ATR_FTIR,FTIR,yes,no,yes
SID0158-UFTIR,SID0158,UFTIR,FTIR,yes,no,yes
SID0159-UFTIR,SID0159,UFTIR,FTIR,yes,no,yes
SID0160-RAMAN,SID0160,RAMAN,RAMAN,yes,no,yes
SID0160-OPTICAL,SID0160,OPTICAL,OPTICAL,no,no,yes
SID0161-RAMAN,SID0161,RAMAN,RAMAN,yes,no,yes
SID0161-SEM,SID0161,SEM,SEM,no,no,yes
SID0162-ATR_FTIR,SID0162,ATR_FTIR,FTIR,yes,no,yes
SID0162-UFTIR,SID0162,UFTIR,FTIR,yes,no,yes
SID0167-FTIR,SID0167,FTIR,FTIR,yes,no,yes
SID0169-ICPMS,SID0169,ICPMS,ICPMS,no,yes,yes
SID0169-SEM,SID0169,SEM,SEM,no,no,yes
SID0170-SEM,SID0170,SEM,SEM,no,no,yes
SID0170-FTIR,SID0170,FTIR,FTIR,yes,no,yes
SID0170-FLUOR,SID0170,FLUOR,FLUOR,no,no,yes
SID0171-RAMAN,SID0171,RAMAN,RAMAN,yes,no,yes
SID0171-ATR_FTIR,SID0171,ATR_FTIR,FTIR,yes,no,yes
SID0172-UFTIR,SID0172,UFTIR,FTIR,yes,no,yes
SID0173-RAMAN,SID0173,RAMAN,RAMAN,yes,no,yes
SID0174-ATR_FTIR,SID0174,ATR_FTIR,FTIR,yes,no,yes
SID0175-ATR_FTIR,SID0175,ATR_FTIR,FTIR,yes,no,yes
SID0175-ICPMS,SID0175,ICPMS,ICPMS,no,yes,yes
SID0176-OPTICAL,SID0176,OPTICAL,OPTICAL,no,no,yes
SID0176-FTIR,SID0176,FTIR,FTIR,yes,no,yes
SID0178-RAMAN,SID0178,RAMAN,RAMAN,yes,no,yes
SID0180-UFTIR,SID0180,UFTIR,FTIR,yes,no,yes
SID0181-ATR_FTIR,SID0181,ATR_FTIR,FTIR,yes,no,yes
SID0182-UFTIR,SID0182,UFTIR,FTIR,yes,no,yes
SID0183-RAMAN,SID0183,RAMAN,RAMAN,yes,no,yes
SID0184-OPTICAL,SID0184,OPTICAL,OPTICAL,no,no,yes
SID0185-ATR_FTIR,SID0185,ATR_FTIR,FTIR,yes,no,yes
SID0187-ATR_FTIR,SID0187,ATR_FTIR,FTIR,yes,no,yes
SID0189-UFTIR,SID0189,UFTIR,FTIR,yes,no,yes
SID0190-FLUOR,SID0190,FLUOR,FLUOR,no,no,yes
SID0190-SEM,SID0190,SEM,SEM,no,no,yes
SID0191-ATR_FTIR,SID0191,ATR_FTIR,FTIR,yes,no,yes
SID0192-RAMAN,SID0192,RAMAN,RAMAN,yes,no,yes
SID0193-ATR_FTIR,SID0193,ATR_FTIR,FTIR,yes,no,yes
SID0194-ATR_FTIR,SID0194,ATR_FTIR,FTIR,yes,no,yes
SID0195-OPTICAL,SID0195,OPTICAL,OPTICAL,no,no,yes
SID0196-ATR_FTIR,SID0196,ATR_FTIR,FTIR,yes,no,yes
SID0197-RAMAN,SID0197,RAMAN,RAMAN,yes,no,yes
SID0197-ATR_FTIR,SID0197,ATR_FTIR,FTIR,yes,no,yes
SID0197-SEM,SID0197,SEM,SEM,no,no,yes
SID0198-UFTIR,SID0198,UFTIR,FTIR,yes,no,yes
SID0199-FLUOR,SID0199,FLUOR,FLUOR,no,no,yes
SID0199-UFTIR,SID0199,UFTIR,FTIR,yes,no,yes
SID0200-RAMAN,SID0200,RAMAN,RAMAN,yes,no,yes
SID0202-ATR_FTIR,SID0202,ATR_FTIR,FTIR,yes,no,yes
SID0204-FLUOR,SID0204,FLUOR,FLUOR,no,no,yes
SID0205-ATR_FTIR,SID0205,ATR_FTIR,FTIR,yes,no,yes
SID0205-UFTIR,SID0205,UFTIR,FTIR,yes,no,yes
SID0206-ATR_FTIR,SID0206,ATR_FTIR,FTIR,yes,no,yes
SID0208-UFTIR,SID0208,UFTIR,FTIR,yes,no,yes
SID0209-FTIR,SID0209,FTIR,FTIR,yes,no,yes
SID0210-RAMAN,SID0210,RAMAN,RAMAN,yes,no,yes
SID0210-SEM,SID0210,SEM,SEM,no,no,yes
SID0210-UFTIR,SID0210,UFTIR,FTIR,yes,no,yes
SID0210-FLUOR,SID0210,FLUOR,FLUOR,no,no,yes
SID0211-OPTICAL,SID0211,OPTICAL,OPTICAL,no,no,yes
SID0211-SEM,SID0211,SEM,SEM,no,no,yes
SID0212-OPTICAL,SID0212,OPTICAL,OPTICAL,no,no,yes
SID0212-ATR_FTIR,SID0212,ATR_FTIR,FTIR,yes,no,yes
SID0213-ATR_FTIR,SID0213,ATR_FTIR,FTIR,yes,no,yes
SID0214-UFTIR,SID0214,UFTIR,FTIR,yes,no,yes
SID0216-ATR_FTIR,SID0216,ATR_FTIR,FTIR,yes,no,yes
SID0216-SEM,SID0216,SEM,SEM,no,no,yes
SID0216-UFTIR,SID0216,UFTIR,FTIR,yes,no,yes
SID0218-RAMAN,SID0218,RAMAN,RAMAN,yes,no,yes
SID0219-RAMAN,SID0219,RAMAN,RAMAN,yes,no,yes
SID0219-SEM,SID0219,SEM,SEM,no,no,yes
SID0220-SEM,SID0220,SEM,SEM,no,no,yes
SID0220-UFTIR,SID0220,UFTIR,FTIR,yes,no,yes
SID0221-RAMAN,SID0221,RAMAN,RAMAN,yes,no,yes
SID0221-OPTICAL,SID0221,OPTICAL,OPTICAL,no,no,yes
SID0222-OPTICAL,SID0222,OPTICAL,OPTICAL,no,no,yes
SID0222-ATR_FTIR,SID0222,ATR_FTIR,FTIR,yes,no,yes
SID0223-RAMAN,SID0223,RAMAN,RAMAN,yes,no,yes
SID0223-OPTICAL,SID0223,OPTICAL,OPTICAL,no,no,yes
SID0223-SEM,SID0223,SEM,SEM,no,no,yes
SID0224-OPTICAL,SID0224,OPTICAL,OPTICAL,no,no,yes
SID0224-UFTIR,SID0224,UFTIR,FTIR,yes,no,yes
SID0225-UFTIR,SID0225,UFTIR,FTIR,yes,no,yes
SID0227-OPTICAL,SID0227,OPTICAL,OPTICAL,no,no,yes
SID0227-ATR_FTIR,SID0227,ATR_FTIR,FTIR,yes,no,yes
SID0228-TEDGCMS,SID0228,TEDGCMS,THERMAL,yes,yes,no
SID0230-FLUOR,SID0230,FLUOR,FLUOR,no,no,yes
SID0230-RAMAN,SID0230,RAMAN,RAMAN,yes,no,yes
SID0231-OPTICAL,SID0231,OPTICAL,OPTICAL,no,no,yes
SID0231-SEM,SID0231,SEM,SEM,no,no,yes
SID0232-UFTIR,SID0232,UFTIR,FTIR,yes,no,yes
SID0232-ATR_FTIR,SID0232,ATR_FTIR,FTIR,yes,no,yes
SID0233-OPTICAL,SID0233,OPTICAL,OPTICAL,no,no,yes
SID0233-ATR_FTIR,SID0233,ATR_FTIR,FTIR,yes,no,yes
SID0233-ICPMS,SID0233,ICPMS,ICPMS,no,yes,yes
SID0234-PYGCMS,SID0234,PYGCMS,THERMAL,yes,yes,no
SID0234-TEDGCMS,SID0234,TEDGCMS,THERMAL,yes,yes,no
SID0234-FTIR,SID0234,FTIR,FTIR,yes,no,yes
SID0234-SEM,SID0234,SEM,SEM,no,no,yes
SID0235-RAMAN,SID0235,RAMAN,RAMAN,yes,no,yes
SID0236-RAMAN,SID0236,RAMAN,RAMAN,yes,no,yes
SID0236-SEM,SID0236,SEM,SEM,no,no,yes
SID0236-ICPMS,SID0236,ICPMS,ICPMS,no,yes,yes
SID0237-PYGCMS,SID0237,PYGCMS,THERMAL,yes,yes,no
SID0238-RAMAN,SID0238,RAMAN,RAMAN,yes,no,yes
SID0238-OPTICAL,SID0238,OPTICAL,OPTICAL,no,no,yes
SID0238-ATR_FTIR,SID0238,ATR_FTIR,FTIR,yes,no,yes
SID0238-FLUOR,SID0238,FLUOR,FLUOR,no,no,yes
SID0239-UFTIR,SID0239,UFTIR,FTIR,yes,no,yes
SID0240-RAMAN,SID0240,RAMAN,RAMAN,yes,no,yes
SID0242-UFTIR,SID0242,UFTIR,FTIR,yes,no,yes
SID0242-ICPMS,SID0242,ICPMS,ICPMS,no,yes,yes
SID0244-RAMAN,SID0244,RAMAN,RAMAN,yes,no,yes
SID0245-ATR_FTIR,SID0245,ATR_FTIR,FTIR,yes,no,yes
SID0246-UFTIR,SID0246,UFTIR,FTIR,yes,no,yes
SID0246-ATR_FTIR,SID0246,ATR_FTIR,FTIR,yes,no,yes
SID0247-RAMAN,SID0247,RAMAN,RAMAN,yes,no,yes
SID0248-ATR_FTIR,SID0248,ATR_FTIR,FTIR,yes,no,yes
SID0248-PYGCMS,SID0248,PYGCMS,THERMAL,yes,yes,no
SID0249-UFTIR,SID0249,UFTIR,FTIR,yes,no,yes
SID0250-OPTICAL,SID0250,OPTICAL,OPTICAL,no,no,yes
SID0250-ATR_FTIR,SID0250,ATR_FTIR,FTIR,yes,no,yes
SID0250-SEM,SID0250,SEM,SEM,no,no,yes
SID0251-ATR_FTIR,SID0251,ATR_FTIR,FTIR,yes,no,yes
SID0252-ATR_FTIR,SID0252,ATR_FTIR,FTIR,yes,no,yes
SID0253-SEM,SID0253,SEM,SEM,no,no,yes
SID0253-LDIR,SID0253,LDIR,FTIR,yes,no,yes
SID0253-FLUOR,SID0253,FLUOR,FLUOR,no,no,yes
SID0255-RAMAN,SID0255,RAMAN,RAMAN,yes,no,yes
SID0255-PYGCMS,SID0255,PYGCMS,THERMAL,yes,yes,no
SID0256-UFTIR,SID0256,UFTIR,FTIR,yes,no,yes
SID0258-OPTICAL,SID0258,OPTICAL,OPTICAL,no,no,yes
SID0258-ATR_FTIR,SID0258,ATR_FTIR,FTIR,yes,no,yes
SID0259-PYGCMS,SID0259,PYGCMS,THERMAL,yes,yes,no
SID0260-UFTIR,SID0260,UFTIR,FTIR,yes,no,yes
SID0261-PYGCMS,SID0261,PYGCMS,THERMAL,yes,yes,no
SID0262-RAMAN,SID0262,RAMAN,RAMAN,yes,no,yes
SID0263-PYGCMS,SID0263,PYGCMS,THERMAL,yes,yes,no
SID0264-FLUOR,SID0264,FLUOR,FLUOR,no,no,yes
SID0264-ATR_FTIR,SID0264,ATR_FTIR,FTIR,yes,no,yes
SID0264-PYGCMS,SID0264,PYGCMS,THERMAL,yes,yes,no
SID0264-SEM,SID0264,SEM,SEM,no,no,yes
SID0264-UFTIR,SID0264,UFTIR,FTIR,yes,no,yes
SID0265-UFTIR,SID0265,UFTIR,FTIR,yes,no,yes
SID0266-UFTIR,SID0266,UFTIR,FTIR,yes,no,yes
SID0267-FTIR,SID0267,FTIR,FTIR,yes,no,yes
SID0268-RAMAN,SID0268,RAMAN,RAMAN,yes,no,yes
SID0268-PYGCMS,SID0268,PYGCMS,THERMAL,yes,yes,no
SID0269-PYGCMS,SID0269,PYGCMS,THERMAL,yes,yes,no
SID0269-SEM,SID0269,SEM,SEM,no,no,yes
SID0269-FTIR,SID0269,FTIR,FTIR,yes,no,yes
SID0270-PYGCMS,SID0270,PYGCMS,THERMAL,yes,yes,no
SID0272-FTIR,SID0272,FTIR,FTIR,yes,no,yes
SID0273-FLUOR,SID0273,FLUOR,FLUOR,no,no,yes
SID0274-PYGCMS,SID0274,PYGCMS,THERMAL,yes,yes,no
SID0275-RAMAN,SID0275,RAMAN,RAMAN,yes,no,yes
SID0275-UFTIR,SID0275,UFTIR,FTIR,yes,no,yes
SID0275-SEM,SID0275,SEM,SEM,no,no,yes
SID0276-PYGCMS,SID0276,PYGCMS,THERMAL,yes,yes,no
SID0278-PYGCMS,SID0278,PYGCMS,THERMAL,yes,yes,no
SID0278-SEM,SID0278,SEM,SEM,no,no,yes
SID0279-FTIR,SID0279,FTIR,FTIR,yes,no,yes
SID0280-PYGCMS,SID0280,PYGCMS,THERMAL,yes,yes,no
SID0280-UFTIR,SID0280,UFTIR,FTIR,yes,no,yes
SID0282-PYGCMS,SID0282,PYGCMS,THERMAL,yes,yes,no
SID0282-FTIR,SID0282,FTIR,FTIR,yes,no,yes
SID0282-SEM,SID0282,SEM,SEM,no,no,yes
SID0283-RAMAN,SID0283,RAMAN,RAMAN,yes,no,yes
SID0283-AFM,SID0283,AFM,AFM,no,no,yes
SID0284-PYGCMS,SID0284,PYGCMS,THERMAL,yes,yes,no
SID0284-SEM,SID0284,SEM,SEM,no,no,yes
SID0284-FTIR,SID0284,FTIR,FTIR,yes,no,yes
SID0285-PYGCMS,SID0285,PYGCMS,THERMAL,yes,yes,no
SID0286-PYGCMS,SID0286,PYGCMS,THERMAL,yes,yes,no
SID0286-SEM,SID0286,SEM,SEM,no,no,yes
SID0286-FTIR,SID0286,FTIR,FTIR,yes,no,yes
SID0287-PYGCMS,SID0287,PYGCMS,THERMAL,yes,yes,no
SID0287-SEM,SID0287,SEM,SEM,no,no,yes
SID0287-FTIR,SID0287,FTIR,FTIR,yes,no,yes
SID0288-PYGCMS,SID0288,PYGCMS,THERMAL,yes,yes,no
SID0288-SEM,SID0288,SEM,SEM,no,no,yes
SID0288-FTIR,SID0288,FTIR,FTIR,yes,no,yes
SID0289-SEM,SID0289,SEM,SEM,no,no,yes
SID0289-UFTIR,SID0289,UFTIR,FTIR,yes,no,yes
SID0290-RAMAN,SID0290,RAMAN,RAMAN,yes,no,yes
SID0290-ATR_FTIR,SID0290,ATR_FTIR,FTIR,yes,no,yes
SID0291-PYGCMS,SID0291,PYGCMS,THERMAL,yes,yes,no
SID0291-SEM,SID0291,SEM,SEM,no,no,yes
SID0291-FTIR,SID0291,FTIR,FTIR,yes,no,yes
SID0292-RAMAN,SID0292,RAMAN,RAMAN,yes,no,yes
SID0292-UFTIR,SID0292,UFTIR,FTIR,yes,no,yes
SID0293-SEM,SID0293,SEM,SEM,no,no,yes
SID0294-PYGCMS,SID0294,PYGCMS,THERMAL,yes,yes,no
SID0295-RAMAN,SID0295,RAMAN,RAMAN,yes,no,yes
SID0295-PYGCMS,SID0295,PYGCMS,THERMAL,yes,yes,no
SID0295-UFTIR,SID0295,UFTIR,FTIR,yes,no,yes
SID0295-SEM,SID0295,SEM,SEM,no,no,yes
SID0296-PYGCMS,SID0296,PYGCMS,THERMAL,yes,yes,no
SID0297-PYGCMS,SID0297,PYGCMS,THERMAL,yes,yes,no
SID0297-SEM,SID0297,SEM,SEM,no,no,yes
SID0297-FTIR,SID0297,FTIR,FTIR,yes,no,yes
SID0298-FLUOR,SID0298,FLUOR,FLUOR,no,no,yes
SID0298-ATR_FTIR,SID0298,ATR_FTIR,FTIR,yes,no,yes
SID0299-PYGCMS,SID0299,PYGCMS,THERMAL,yes,yes,no
SID0300-PYGCMS,SID0300,PYGCMS,THERMAL,yes,yes,no
SID0301-UFTIR,SID0301,UFTIR,FTIR,yes,no,yes
SID0302-PYGCMS,SID0302,PYGCMS,THERMAL,yes,yes,no
SID0303-PYGCMS,SID0303,PYGCMS,THERMAL,yes,yes,no
SID0303-ICPMS,SID0303,ICPMS,ICPMS,no,yes,yes
SID0304-SEM,SID0304,SEM,SEM,no,no,yes
SID0304-FTIR,SID0304,FTIR,FTIR,yes,no,yes
SID0305-PYGCMS,SID0305,PYGCMS,THERMAL,yes,yes,no
SID0305-FTIR,SID0305,FTIR,FTIR,yes,no,yes
SID0306-PYGCMS,SID0306,PYGCMS,THERMAL,yes,yes,no
SID0307-RAMAN,SID0307,RAMAN,RAMAN,yes,no,yes
SID0307-PYGCMS,SID0307,PYGCMS,THERMAL,yes,yes,no
SID0308-FTIR,SID0308,FTIR,FTIR,yes,no,yes
SID0309-SEM,SID0309,SEM,SEM,no,no,yes
SID0309-FTIR,SID0309,FTIR,FTIR,yes,no,yes
SID0310-PYGCMS,SID0310,PYGCMS,THERMAL,yes,yes,no
SID0310-SEM,SID0310,SEM,SEM,no,no,yes
SID0311-PYGCMS,SID0311,PYGCMS,THERMAL,yes,yes,no
SID0311-SEM,SID0311,SEM,SEM,no,no,yes
SID0311-FTIR,SID0311,FTIR,FTIR,yes,no,yes
SID0312-PYGCMS,SID0312,PYGCMS,THERMAL,yes,yes,no
SID0313-RAMAN,SID0313,RAMAN,RAMAN,yes,no,yes
SID0313-SEM,SID0313,SEM,SEM,no,no,yes
SID0314-SEM,SID0314,SEM,SEM,no,no,yes
SID0315-PYGCMS,SID0315,PYGCMS,THERMAL,yes,yes,no
SID0316-RAMAN,SID0316,RAMAN,RAMAN,yes,no,yes
SID0316-UFTIR,SID0316,UFTIR,FTIR,yes,no,yes
SID0317-UFTIR,SID0317,UFTIR,FTIR,yes,no,yes
SID0317-SEM,SID0317,SEM,SEM,no,no,yes
SID0318-FLUOR,SID0318,FLUOR,FLUOR,no,no,yes
SID0319-PYGCMS,SID0319,PYGCMS,THERMAL,yes,yes,no
SID0320-SEM,SID0320,SEM,SEM,no,no,yes
SID0320-UFTIR,SID0320,UFTIR,FTIR,yes,no,yes
SID0321-RAMAN,SID0321,RAMAN,RAMAN,yes,no,yes
SID0321-SEM,SID0321,SEM,SEM,no,no,yes
SID0322-FTIR,SID0322,FTIR,FTIR,yes,no,yes
SID0323-FTIR,SID0323,FTIR,FTIR,yes,no,yes
SID0324-FTIR,SID0324,FTIR,FTIR,yes,no,yes
SID0325-PYGCMS,SID0325,PYGCMS,THERMAL,yes,yes,no
SID0326-SEM,SID0326,SEM,SEM,no,no,yes
SID0326-FTIR,SID0326,FTIR,FTIR,yes,no,yes
SID0327-PYGCMS,SID0327,PYGCMS,THERMAL,yes,yes,no
SID0327-SEM,SID0327,SEM,SEM,no,no,yes
SID0327-FTIR,SID0327,FTIR,FTIR,yes,no,yes
SID0328-FTIR,SID0328,FTIR,FTIR,yes,no,yes
SID0329-PYGCMS,SID0329,PYGCMS,THERMAL,yes,yes,no
SID0329-SEM,SID0329,SEM,SEM,no,no,yes
SID0329-FTIR,SID0329,FTIR,FTIR,yes,no,yes
SID0330-PYGCMS,SID0330,PYGCMS,THERMAL,yes,yes,no
SID0331-FLUOR,SID0331,FLUOR,FLUOR,no,no,yes
SID0332-PYGCMS,SID0332,PYGCMS,THERMAL,yes,yes,no
SID0332-FTIR,SID0332,FTIR,FTIR,yes,no,yes
SID0333-FLUOR,SID0333,FLUOR,FLUOR,no,no,yes
SID0333-RAMAN,SID0333,RAMAN,RAMAN,yes,no,yes
SID0333-SEM,SID0333,SEM,SEM,no,no,yes
SID0334-RAMAN,SID0334,RAMAN,RAMAN,yes,no,yes
SID0335-FTIR,SID0335,FTIR,FTIR,yes,no,yes
SID0336-SEM,SID0336,SEM,SEM,no,no,yes
SID0337-PYGCMS,SID0337,PYGCMS,THERMAL,yes,yes,no
SID0339-PYGCMS,SID0339,PYGCMS,THERMAL,yes,yes,no
SID0339-SEM,SID0339,SEM,SEM,no,no,yes
SID0340-PYGCMS,SID0340,PYGCMS,THERMAL,yes,yes,no
SID0340-SEM,SID0340,SEM,SEM,no,no,yes
SID0342-PYGCMS,SID0342,PYGCMS,THERMAL,yes,yes,no
SID0343-PYGCMS,SID0343,PYGCMS,THERMAL,yes,yes,no
SID0343-FTIR,SID0343,FTIR,FTIR,yes,no,yes
SID0344-PYGCMS,SID0344,PYGCMS,THERMAL,yes,yes,no
SID0345-PYGCMS,SID0345,PYGCMS,THERMAL,yes,yes,no
SID0345-SEM,SID0345,SEM,SEM,no,no,yes
SID0346-ATR_FTIR,SID0346,ATR_FTIR,FTIR,yes,no,yes
SID0346-PYGCMS,SID0346,PYGCMS,THERMAL,yes,yes,no
SID0347-RAMAN,SID0347,RAMAN,RAMAN,yes,no,yes
SID0347-SEM,SID0347,SEM,SEM,no,no,yes
SID0349-RAMAN,SID0349,RAMAN,RAMAN,yes,no,yes
SID0350-PYGCMS,SID0350,PYGCMS,THERMAL,yes,yes,no
SID0350-SEM,SID0350,SEM,SEM,no,no,yes
SID0350-FTIR,SID0350,FTIR,FTIR,yes,no,yes
SID0351-RAMAN,SID0351,RAMAN,RAMAN,yes,no,yes
SID0352-RAMAN,SID0352,RAMAN,RAMAN,yes,no,yes
SID0352-SEM,SID0352,SEM,SEM,no,no,yes
SID0353-RAMAN,SID0353,RAMAN,RAMAN,yes,no,yes
SID0354-UFTIR,SID0354,UFTIR,FTIR,yes,no,yes
SID0355-UFTIR,SID0355,UFTIR,FTIR,yes,no,yes
SID0356-RAMAN,SID0356,RAMAN,RAMAN,yes,no,yes
SID0357-RAMAN,SID0357,RAMAN,RAMAN,yes,no,yes
SID0357-SEM,SID0357,SEM,SEM,no,no,yes
SID0357-UFTIR,SID0357,UFTIR,FTIR,yes,no,yes
SID0358-FTIR,SID0358,FTIR,FTIR,yes,no,yes
SID0359-PYGCMS,SID0359,PYGCMS,THERMAL,yes,yes,no
SID0359-ICPMS,SID0359,ICPMS,ICPMS,no,yes,yes
SID0359-SEM,SID0359,SEM,SEM,no,no,yes
SID0359-FTIR,SID0359,FTIR,FTIR,yes,no,yes
SID0360-FTIR,SID0360,FTIR,FTIR,yes,no,yes
SID0361-UFTIR,SID0361,UFTIR,FTIR,yes,no,yes
SID0362-RAMAN,SID0362,RAMAN,RAMAN,yes,no,yes
SID0362-ATR_FTIR,SID0362,ATR_FTIR,FTIR,yes,no,yes
SID0362-PYGCMS,SID0362,PYGCMS,THERMAL,yes,yes,no
SID0362-AFM,SID0362,AFM,AFM,no,no,yes
SID0363-PYGCMS,SID0363,PYGCMS,THERMAL,yes,yes,no
SID0364-SEM,SID0364,SEM,SEM,no,no,yes
SID0364-FTIR,SID0364,FTIR,FTIR,yes,no,yes
SID0365-FTIR,SID0365,FTIR,FTIR,yes,no,yes
SID0366-RAMAN,SID0366,RAMAN,RAMAN,yes,no,yes
SID0369-UFTIR,SID0369,UFTIR,FTIR,yes,no,yes
SID0370-PYGCMS,SID0370,PYGCMS,THERMAL,yes,yes,no
SID0371-UFTIR,SID0371,UFTIR,FTIR,yes,no,yes
SID0372-FLUOR,SID0372,FLUOR,FLUOR,no,no,yes
SID0372-RAMAN,SID0372,RAMAN,RAMAN,yes,no,yes
SID0373-UFTIR,SID0373,UFTIR,FTIR,yes,no,yes
SID0374-SEM,SID0374,SEM,SEM,no,no,yes
SID0375-UFTIR,SID0375,UFTIR,FTIR,yes,no,yes
SID0376-RAMAN,SID0376,RAMAN,RAMAN,yes,no,yes
SID0377-ATR_FTIR,SID0377,ATR_FTIR,FTIR,yes,no,yes
SID0377-UFTIR,SID0377,UFTIR,FTIR,yes,no,yes
SID0378-RAMAN,SID0378,RAMAN,RAMAN,yes,no,yes
SID0379-UFTIR,SID0379,UFTIR,FTIR,yes,no,yes
SID0380-RAMAN,SID0380,RAMAN,RAMAN,yes,no,yes
SID0381-RAMAN,SID0381,RAMAN,RAMAN,yes,no,yes
SID0381-PYGCMS,SID0381,PYGCMS,THERMAL,yes,yes,no
SID0382-UFTIR,SID0382,UFTIR,FTIR,yes,no,yes
SID0383-RAMAN,SID0383,RAMAN,RAMAN,yes,no,yes
SID0383-FLUOR,SID0383,FLUOR,FLUOR,no,no,yes
SID0384-RAMAN,SID0384,RAMAN,RAMAN,yes,no,yes
SID0384-PYGCMS,SID0384,PYGCMS,THERMAL,yes,yes,no
SID0384-SEM,SID0384,SEM,SEM,no,no,yes
SID0385-RAMAN,SID0385,RAMAN,RAMAN,yes,no,yes
SID0386-PYGCMS,SID0386,PYGCMS,THERMAL,yes,yes,no
SID0386-FTIR,SID0386,FTIR,FTIR,yes,no,yes
SID0387-RAMAN,SID0387,RAMAN,RAMAN,yes,no,yes
SID0387-PYGCMS,SID0387,PYGCMS,THERMAL,yes,yes,no
SID0388-PYGCMS,SID0388,PYGCMS,THERMAL,yes,yes,no
SID0389-UFTIR,SID0389,UFTIR,FTIR,yes,no,yes
SID0390-RAMAN,SID0390,RAMAN,RAMAN,yes,no,yes
SID0391-SEM,SID0391,SEM,SEM,no,no,yes
SID0393-RAMAN,SID0393,RAMAN,RAMAN,yes,no,yes
SID0394-RAMAN,SID0394,RAMAN,RAMAN,yes,no,yes
SID0395-FLUOR,SID0395,FLUOR,FLUOR,no,no,yes
SID0395-RAMAN,SID0395,RAMAN,RAMAN,yes,no,yes
SID0396-RAMAN,SID0396,RAMAN,RAMAN,yes,no,yes
SID0397-RAMAN,SID0397,RAMAN,RAMAN,yes,no,yes
SID0399-UFTIR,SID0399,UFTIR,FTIR,yes,no,yes
SID0400-RAMAN,SID0400,RAMAN,RAMAN,yes,no,yes
SID0401-SEM,SID0401,SEM,SEM,no,no,yes
SID0402-SEM,SID0402,SEM,SEM,no,no,yes
SID0403-RAMAN,SID0403,RAMAN,RAMAN,yes,no,yes
SID0403-SEM,SID0403,SEM,SEM,no,no,yes
SID0404-RAMAN,SID0404,RAMAN,RAMAN,yes,no,yes
SID0405-FTIR,SID0405,FTIR,FTIR,yes,no,yes
SID0406-ATR_FTIR,SID0406,ATR_FTIR,FTIR,yes,no,yes
SID0407-UFTIR,SID0407,UFTIR,FTIR,yes,no,yes
SID0407-PYGCMS,SID0407,PYGCMS,THERMAL,yes,yes,no
SID0408-RAMAN,SID0408,RAMAN,RAMAN,yes,no,yes
SID0409-ATR_FTIR,SID0409,ATR_FTIR,FTIR,yes,no,yes
SID0409-SEM,SID0409,SEM,SEM,no,no,yes
SID0411-RAMAN,SID0411,RAMAN,RAMAN,yes,no,yes
SID0412-RAMAN,SID0412,RAMAN,RAMAN,yes,no,yes
SID0412-UFTIR,SID0412,UFTIR,FTIR,yes,no,yes
SID0413-RAMAN,SID0413,RAMAN,RAMAN,yes,no,yes
SID0415-UFTIR,SID0415,UFTIR,FTIR,yes,no,yes
SID0416-UFTIR,SID0416,UFTIR,FTIR,yes,no,yes
SID0417-FLUOR,SID0417,FLUOR,FLUOR,no,no,yes
SID0418-RAMAN,SID0418,RAMAN,RAMAN,yes,no,yes
SID0419-SEM,SID0419,SEM,SEM,no,no,yes
SID0420-SEM,SID0420,SEM,SEM,no,no,yes
SID0420-UFTIR,SID0420,UFTIR,FTIR,yes,no,yes
SID0421-FLUOR,SID0421,FLUOR,FLUOR,no,no,yes
SID0422-FLUOR,SID0422,FLUOR,FLUOR,no,no,yes
SID0423-FLUOR,SID0423,FLUOR,FLUOR,no,no,yes
SID0424-FLUOR,SID0424,FLUOR,FLUOR,no,no,yes
SID0424-RAMAN,SID0424,RAMAN,RAMAN,yes,no,yes
SID0425-PYGCMS,SID0425,PYGCMS,THERMAL,yes,yes,no
SID0425-SEM,SID0425,SEM,SEM,no,no,yes
SID0427-FLUOR,SID0427,FLUOR,FLUOR,no,no,yes
SID0428-UFTIR,SID0428,UFTIR,FTIR,yes,no,yes
SID0429-FLUOR,SID0429,FLUOR,FLUOR,no,no,yes
SID0431-UFTIR,SID0431,UFTIR,FTIR,yes,no,yes
SID0432-RAMAN,SID0432,RAMAN,RAMAN,yes,no,yes
SID0006-ICPMS,SID0006,ICPMS,ICPMS,no,yes,yes
SID0012-FLUOR,SID0012,FLUOR,FLUOR,no,no,yes
SID0012-PYGCMS,SID0012,PYGCMS,THERMAL,yes,yes,no
SID0012-ICPMS,SID0012,ICPMS,ICPMS,no,yes,yes
SID0017-FLUOR,SID0017,FLUOR,FLUOR,no,no,yes
SID0017-ATR_FTIR,SID0017,ATR_FTIR,FTIR,yes,no,yes
SID0017-OTHER_MS,SID0017,OTHER_MS,OTHER_MS,yes,no,yes
SID0023-FLUOR,SID0023,FLUOR,FLUOR,no,no,yes
SID0023-ATR_FTIR,SID0023,ATR_FTIR,FTIR,yes,no,yes
SID0023-PYGCMS,SID0023,PYGCMS,THERMAL,yes,yes,no
SID0023-SEM,SID0023,SEM,SEM,no,no,yes
SID0025-ICPMS,SID0025,ICPMS,ICPMS,no,yes,yes
SID0025-SEM,SID0025,SEM,SEM,no,no,yes
SID0033-FLUOR,SID0033,FLUOR,FLUOR,no,no,yes
SID0033-RAMAN,SID0033,RAMAN,RAMAN,yes,no,yes
SID0033-ICPMS,SID0033,ICPMS,ICPMS,no,yes,yes
SID0033-SEM,SID0033,SEM,SEM,no,no,yes
SID0036-ICPMS,SID0036,ICPMS,ICPMS,no,yes,yes
SID0036-SEM,SID0036,SEM,SEM,no,no,yes
SID0045-RAMAN,SID0045,RAMAN,RAMAN,yes,no,yes
SID0045-OPTICAL,SID0045,OPTICAL,OPTICAL,no,no,yes
SID0045-SEM,SID0045,SEM,SEM,no,no,yes
SID0053-RAMAN,SID0053,RAMAN,RAMAN,yes,no,yes
SID0053-FLUOR,SID0053,FLUOR,FLUOR,no,no,yes
SID0058-RAMAN,SID0058,RAMAN,RAMAN,yes,no,yes
SID0064-PYGCMS,SID0064,PYGCMS,THERMAL,yes,yes,no
SID0064-SEM,SID0064,SEM,SEM,no,no,yes
SID0064-ICPMS,SID0064,ICPMS,ICPMS,no,yes,yes
SID0065-RAMAN,SID0065,RAMAN,RAMAN,yes,no,yes
SID0065-FTIR,SID0065,FTIR,FTIR,yes,no,yes
SID0067-ATR_FTIR,SID0067,ATR_FTIR,FTIR,yes,no,yes
SID0067-PYGCMS,SID0067,PYGCMS,THERMAL,yes,yes,no
SID0067-SEM,SID0067,SEM,SEM,no,no,yes
SID0087-FLUOR,SID0087,FLUOR,FLUOR,no,no,yes
SID0087-ATR_FTIR,SID0087,ATR_FTIR,FTIR,yes,no,yes
SID0098-OPTICAL,SID0098,OPTICAL,OPTICAL,no,no,yes
SID0098-UFTIR,SID0098,UFTIR,FTIR,yes,no,yes
SID0098-LCMS,SID0098,LCMS,LCMS,yes,yes,no
SID0098-LDIR,SID0098,LDIR,FTIR,yes,no,yes
SID0098-SEM,SID0098,SEM,SEM,no,no,yes
SID0099-RAMAN,SID0099,RAMAN,RAMAN,yes,no,yes
SID0099-OPTICAL,SID0099,OPTICAL,OPTICAL,no,no,yes
SID0099-AFM,SID0099,AFM,AFM,no,no,yes
SID0100-FLUOR,SID0100,FLUOR,FLUOR,no,no,yes
SID0105-FLUOR,SID0105,FLUOR,FLUOR,no,no,yes
SID0105-UFTIR,SID0105,UFTIR,FTIR,yes,no,yes
SID0105-SEM,SID0105,SEM,SEM,no,no,yes
SID0107-FLUOR,SID0107,FLUOR,FLUOR,no,no,yes
SID0107-ATR_FTIR,SID0107,ATR_FTIR,FTIR,yes,no,yes
SID0107-SEM,SID0107,SEM,SEM,no,no,yes
SID0110-FLUOR,SID0110,FLUOR,FLUOR,no,no,yes
SID0110-UFTIR,SID0110,UFTIR,FTIR,yes,no,yes
SID0117-FLUOR,SID0117,FLUOR,FLUOR,no,no,yes
SID0117-RAMAN,SID0117,RAMAN,RAMAN,yes,no,yes
SID0117-UFTIR,SID0117,UFTIR,FTIR,yes,no,yes
SID0117-ATR_FTIR,SID0117,ATR_FTIR,FTIR,yes,no,yes
SID0117-AFM,SID0117,AFM,AFM,no,no,yes
SID0128-FLUOR,SID0128,FLUOR,FLUOR,no,no,yes
SID0128-UFTIR,SID0128,UFTIR,FTIR,yes,no,yes
SID0128-SEM,SID0128,SEM,SEM,no,no,yes
SID0142-FLUOR,SID0142,FLUOR,FLUOR,no,no,yes
SID0154-FLUOR,SID0154,FLUOR,FLUOR,no,no,yes
SID0163-FLUOR,SID0163,FLUOR,FLUOR,no,no,yes
SID0164-FLUOR,SID0164,FLUOR,FLUOR,no,no,yes
SID0164-ATR_FTIR,SID0164,ATR_FTIR,FTIR,yes,no,yes
SID0164-SEM,SID0164,SEM,SEM,no,no,yes
SID0165-FLUOR,SID0165,FLUOR,FLUOR,no,no,yes
SID0165-FTIR,SID0165,FTIR,FTIR,yes,no,yes
SID0165-SEM,SID0165,SEM,SEM,no,no,yes
SID0168-AFM,SID0168,AFM,AFM,no,no,yes
SID0177-ICPMS,SID0177,ICPMS,ICPMS,no,yes,yes
SID0177-SEM,SID0177,SEM,SEM,no,no,yes
SID0179-SEM,SID0179,SEM,SEM,no,no,yes
SID0179-ICPMS,SID0179,ICPMS,ICPMS,no,yes,yes
SID0186-RAMAN,SID0186,RAMAN,RAMAN,yes,no,yes
SID0186-SEM,SID0186,SEM,SEM,no,no,yes
SID0186-ICPMS,SID0186,ICPMS,ICPMS,no,yes,yes
SID0201-FLUOR,SID0201,FLUOR,FLUOR,no,no,yes
SID0207-ATR_FTIR,SID0207,ATR_FTIR,FTIR,yes,no,yes
SID0215-ICPMS,SID0215,ICPMS,ICPMS,no,yes,yes
SID0215-SEM,SID0215,SEM,SEM,no,no,yes
SID0215-RAMAN,SID0215,RAMAN,RAMAN,yes,no,yes
SID0217-FLUOR,SID0217,FLUOR,FLUOR,no,no,yes
SID0217-AFM,SID0217,AFM,AFM,no,no,yes
SID0226-PYGCMS,SID0226,PYGCMS,THERMAL,yes,yes,no
SID0226-RAMAN,SID0226,RAMAN,RAMAN,yes,no,yes
SID0229-RAMAN,SID0229,RAMAN,RAMAN,yes,no,yes
SID0243-FLUOR,SID0243,FLUOR,FLUOR,no,no,yes
SID0243-UFTIR,SID0243,UFTIR,FTIR,yes,no,yes
SID0243-RAMAN,SID0243,RAMAN,RAMAN,yes,no,yes
SID0243-SEM,SID0243,SEM,SEM,no,no,yes
SID0254-FLUOR,SID0254,FLUOR,FLUOR,no,no,yes
SID0254-FTIR,SID0254,FTIR,FTIR,yes,no,yes
SID0254-SEM,SID0254,SEM,SEM,no,no,yes
SID0257-RAMAN,SID0257,RAMAN,RAMAN,yes,no,yes
SID0257-ATR_FTIR,SID0257,ATR_FTIR,FTIR,yes,no,yes
SID0257-UFTIR,SID0257,UFTIR,FTIR,yes,no,yes
SID0271-RAMAN,SID0271,RAMAN,RAMAN,yes,no,yes
SID0271-UFTIR,SID0271,UFTIR,FTIR,yes,no,yes
SID0348-FLUOR,SID0348,FLUOR,FLUOR,no,no,yes
SID0348-SEM,SID0348,SEM,SEM,no,no,yes
SID0414-FLUOR,SID0414,FLUOR,FLUOR,no,no,yes
SID0414-SEM,SID0414,SEM,SEM,no,no,yes
SID0414-UFTIR,SID0414,UFTIR,FTIR,yes,no,yes
SID0414-AFM,SID0414,AFM,AFM,no,no,yes
