study_id,code
SID0002,DISCORDANT
SID0002,CONFIRMATORY
SID0002,COMPLEMENTARY
SID0003,DISCORDANT
SID0003,CONFIRMATORY
SID0003,COMPLEMENTARY
SID0004,DISCORDANT
SID0004,CONFIRMATORY
SID0004,COMPLEMENTARY
SID0010,COMPLEMENTARY
SID0011,CONFIRMATORY
SID0011,COMPLEMENTARY
SID0013,CONFIRMATORY
SID0013,COMPLEMENTARY
SID0014,CONFIRMATORY
SID0014,COMPLEMENTARY
SID0016,AGREEMENT
SID0016,CONFIRMATORY
SID0019,SIZE_SPLIT
SID0019,COMPLEMENTARY
SID0020,AGREEMENT
SID0024,CONFIRMATORY
SID0024,COMPLEMENTARY
SID0026,SIZE_SPLIT
SID0026,CONFIRMATORY
SID0026,COMPLEMENTARY
SID0027,COMPLEMENTARY
SID0028,SUBSET_ONLY
SID0028,DISCORDANT
SID0028,CONFIRMATORY
SID0029,CONFIRMATORY
SID0029,COMPLEMENTARY
SID0030,CONFIRMATORY
SID0030,COMPLEMENTARY
SID0031,COMPLEMENTARY
SID0035,SUBSET_ONLY
SID0035,COMPLEMENTARY
SID0037,COMPLEMENTARY
SID0038,SIZE_SPLIT
SID0038,COMPLEMENTARY
SID0039,SUBSET_ONLY
SID0039,COMPLEMENTARY
SID0040,COMPLEMENTARY
SID0041,COMPLEMENTARY
SID0042,COMPLEMENTARY
SID0043,SUBSET_ONLY
SID0043,COMPLEMENTARY
SID0044,CONFIRMATORY
SID0044,COMPLEMENTARY
SID0047,CONFIRMATORY
SID0047,COMPLEMENTARY
SID0048,DISCORDANT
SID0048,CONFIRMATORY
SID0049,CONFIRMATORY
SID0049,COMPLEMENTARY
SID0050,COMPLEMENTARY
SID0051,CONFIRMATORY
SID0051,COMPLEMENTARY
SID0052,SUBSET_ONLY
SID0052,CONFIRMATORY
SID0052,COMPLEMENTARY
SID0055,CONFIRMATORY
SID0056,SUBSET_ONLY
SID0059,AGREEMENT
SID0059,CONFIRMATORY
SID0060,SUBSET_ONLY
SID0060,COMPLEMENTARY
SID0061,SUBSET_ONLY
SID0061,CONFIRMATORY
SID0061,COMPLEMENTARY
SID0062,SUBSET_ONLY
SID0062,CONFIRMATORY
SID0062,COMPLEMENTARY
SID0063,SINGLE_PLATFORM
SID0066,SUBSET_ONLY
SID0066,COMPLEMENTARY
SID0069,DISCORDANT
SID0069,COMPLEMENTARY
SID0070,SINGLE_PLATFORM
SID0071,COMPLEMENTARY
SID0072,SINGLE_PLATFORM
SID0073,SUBSET_ONLY
SID0073,CONFIRMATORY
SID0073,COMPLEMENTARY
SID0074,SINGLE_PLATFORM
SID0075,COMPLEMENTARY
SID0076,SUBSET_ONLY
SID0076,CONFIRMATORY
SID0076,COMPLEMENTARY
SID0077,SIZE_SPLIT
SID0077,COMPLEMENTARY
SID0078,SUBSET_ONLY
SID0078,AGREEMENT
SID0078,CONFIRMATORY
SID0078,COMPLEMENTARY
SID0079,CONFIRMATORY
SID0079,COMPLEMENTARY
SID0080,COMPLEMENTARY
SID0081,COMPLEMENTARY
SID0082,SIZE_SPLIT
SID0082,SUBSET_ONLY
SID0082,CONFIRMATORY
SID0082,COMPLEMENTARY
SID0083,COMPLEMENTARY
SID0084,CONFIRMATORY
SID0084,COMPLEMENTARY
SID0085,COMPLEMENTARY
SID0086,SUBSET_ONLY
SID0086,CONFIRMATORY
SID0086,COMPLEMENTARY
SID0088,SUBSET_ONLY
SID0088,CONFIRMATORY
SID0088,COMPLEMENTARY
SID0089,CONFIRMATORY
SID0089,COMPLEMENTARY
SID0090,COMPLEMENTARY
SID0091,SINGLE_PLATFORM
SID0092,COMPLEMENTARY
SID0093,SUBSET_ONLY
SID0093,COMPLEMENTARY
SID0094,COMPLEMENTARY
SID0095,COMPLEMENTARY
SID0096,SUBSET_ONLY
SID0096,COMPLEMENTARY
SID0097,SUBSET_ONLY
SID0097,COMPLEMENTARY
SID0101,COMPLEMENTARY
SID0102,CONFIRMATORY
SID0102,COMPLEMENTARY
SID0103,COMPLEMENTARY
SID0104,DISCORDANT
SID0104,CONFIRMATORY
SID0106,AGREEMENT
SID0106,COMPLEMENTARY
SID0108,SIZE_SPLIT
SID0108,SUBSET_ONLY
SID0108,DISCORDANT
SID0108,CONFIRMATORY
SID0108,COMPLEMENTARY
SID0109,COMPLEMENTARY
SID0112,SINGLE_PLATFORM
SID0113,CONFIRMATORY
SID0114,SINGLE_PLATFORM
SID0115,SIZE_SPLIT
SID0115,DISCORDANT
SID0115,COMPLEMENTARY
SID0116,SINGLE_PLATFORM
SID0118,CONFIRMATORY
SID0118,COMPLEMENTARY
SID0119,SIZE_SPLIT
SID0119,CONFIRMATORY
SID0119,COMPLEMENTARY
SID0120,SUBSET_ONLY
SID0120,COMPLEMENTARY
SID0121,SIZE_SPLIT
SID0121,CONFIRMATORY
SID0122,SINGLE_PLATFORM
SID0123,SINGLE_PLATFORM
SID0124,COMPLEMENTARY
SID0125,DISCORDANT
SID0125,COMPLEMENTARY
SID0126,SIZE_SPLIT
SID0126,COMPLEMENTARY
SID0127,CONFIRMATORY
SID0127,COMPLEMENTARY
SID0129,COMPLEMENTARY
SID0130,SUBSET_ONLY
SID0130,COMPLEMENTARY
SID0131,CONFIRMATORY
SID0131,COMPLEMENTARY
SID0132,SINGLE_PLATFORM
SID0133,SUBSET_ONLY
SID0133,CONFIRMATORY
SID0133,COMPLEMENTARY
SID0134,SINGLE_PLATFORM
SID0135,COMPLEMENTARY
SID0136,SUBSET_ONLY
SID0136,COMPLEMENTARY
SID0137,SINGLE_PLATFORM
SID0138,COMPLEMENTARY
SID0139,CONFIRMATORY
SID0139,COMPLEMENTARY
SID0140,SINGLE_PLATFORM
SID0141,SUBSET_ONLY
SID0141,COMPLEMENTARY
SID0143,COMPLEMENTARY
SID0144,SUBSET_ONLY
SID0144,COMPLEMENTARY
SID0145,SUBSET_ONLY
SID0145,COMPLEMENTARY
SID0146,SINGLE_PLATFORM
SID0147,SUBSET_ONLY
SID0147,COMPLEMENTARY
SID0148,SINGLE_PLATFORM
SID0149,SUBSET_ONLY
SID0149,CONFIRMATORY
SID0149,COMPLEMENTARY
SID0150,SINGLE_PLATFORM
SID0151,SUBSET_ONLY
SID0151,COMPLEMENTARY
SID0152,SIZE_SPLIT
SID0152,COMPLEMENTARY
SID0153,SINGLE_PLATFORM
SID0155,SINGLE_PLATFORM
SID0156,SINGLE_PLATFORM
SID0157,SINGLE_PLATFORM
SID0158,SUBSET_ONLY
SID0158,COMPLEMENTARY
SID0159,SINGLE_PLATFORM
SID0160,SUBSET_ONLY
SID0160,CONFIRMATORY
SID0160,COMPLEMENTARY
SID0161,CONFIRMATORY
SID0161,COMPLEMENTARY
SID0162,SUBSET_ONLY
SID0162,COMPLEMENTARY
SID0167,SUBSET_ONLY
SID0167,COMPLEMENTARY
SID0169,SUBSET_ONLY
SID0169,AGREEMENT
SID0169,CONFIRMATORY
SID0169,COMPLEMENTARY
SID0170,AGREEMENT
SID0171,SUBSET_ONLY
SID0171,COMPLEMENTARY
SID0172,SUBSET_ONLY
SID0172,CONFIRMATORY
SID0174,SUBSET_ONLY
SID0174,CONFIRMATORY
SID0175,COMPLEMENTARY
SID0176,DISCORDANT
SID0176,CONFIRMATORY
SID0178,SINGLE_PLATFORM
SID0180,SUBSET_ONLY
SID0180,AGREEMENT
SID0181,COMPLEMENTARY
SID0182,SUBSET_ONLY
SID0183,SUBSET_ONLY
SID0183,CONFIRMATORY
SID0183,COMPLEMENTARY
SID0184,SINGLE_PLATFORM
SID0185,CONFIRMATORY
SID0187,COMPLEMENTARY
SID0188,COMPLEMENTARY
SID0189,COMPLEMENTARY
SID0190,CONFIRMATORY
SID0190,COMPLEMENTARY
SID0191,SUBSET_ONLY
SID0191,COMPLEMENTARY
SID0192,COMPLEMENTARY
SID0193,SIZE_SPLIT
SID0193,COMPLEMENTARY
SID0194,COMPLEMENTARY
SID0195,SINGLE_PLATFORM
SID0196,COMPLEMENTARY
SID0197,AGREEMENT
SID0197,CONFIRMATORY
SID0197,COMPLEMENTARY
SID0198,DISCORDANT
SID0198,CONFIRMATORY
SID0198,COMPLEMENTARY
SID0199,CONFIRMATORY
SID0199,COMPLEMENTARY
SID0200,SUBSET_ONLY
SID0200,COMPLEMENTARY
SID0202,SUBSET_ONLY
SID0202,COMPLEMENTARY
SID0203,COMPLEMENTARY
SID0204,SINGLE_PLATFORM
SID0205,CONFIRMATORY
SID0205,COMPLEMENTARY
SID0206,COMPLEMENTARY
SID0208,COMPLEMENTARY
SID0209,CONFIRMATORY
SID0209,COMPLEMENTARY
SID0210,SIZE_SPLIT
SID0210,CONFIRMATORY
SID0210,COMPLEMENTARY
SID0211,COMPLEMENTARY
SID0212,SINGLE_PLATFORM
SID0213,SUBSET_ONLY
SID0213,COMPLEMENTARY
SID0214,CONFIRMATORY
SID0214,COMPLEMENTARY
SID0216,SUBSET_ONLY
SID0216,COMPLEMENTARY
SID0218,COMPLEMENTARY
SID0219,SUBSET_ONLY
SID0219,COMPLEMENTARY
SID0220,SUBSET_ONLY
SID0220,COMPLEMENTARY
SID0221,CONFIRMATORY
SID0221,COMPLEMENTARY
SID0222,COMPLEMENTARY
SID0223,COMPLEMENTARY
SID0224,COMPLEMENTARY
SID0225,SINGLE_PLATFORM
SID0227,SUBSET_ONLY
SID0227,CONFIRMATORY
SID0227,COMPLEMENTARY
SID0228,SIZE_SPLIT
SID0228,COMPLEMENTARY
SID0230,SUBSET_ONLY
SID0230,CONFIRMATORY
SID0230,COMPLEMENTARY
SID0231,COMPLEMENTARY
SID0232,SIZE_SPLIT
SID0232,COMPLEMENTARY
SID0233,SUBSET_ONLY
SID0233,DISCORDANT
SID0233,CONFIRMATORY
SID0233,COMPLEMENTARY
SID0234,COMPLEMENTARY
SID0235,SUBSET_ONLY
SID0235,COMPLEMENTARY
SID0236,SUBSET_ONLY
SID0236,CONFIRMATORY
SID0236,COMPLEMENTARY
SID0237,SINGLE_PLATFORM
SID0238,SUBSET_ONLY
SID0238,COMPLEMENTARY
SID0239,COMPLEMENTARY
SID0240,AGREEMENT
SID0240,COMPLEMENTARY
SID0241,COMPLEMENTARY
SID0242,SUBSET_ONLY
SID0242,COMPLEMENTARY
SID0244,CONFIRMATORY
SID0244,COMPLEMENTARY
SID0245,COMPLEMENTARY
SID0246,SINGLE_PLATFORM
SID0247,COMPLEMENTARY
SID0248,CONFIRMATORY
SID0248,COMPLEMENTARY
SID0249,SINGLE_PLATFORM
SID0250,CONFIRMATORY
SID0250,COMPLEMENTARY
SID0251,SUBSET_ONLY
SID0251,COMPLEMENTARY
SID0252,SUBSET_ONLY
SID0252,COMPLEMENTARY
SID0253,COMPLEMENTARY
SID0255,COMPLEMENTARY
SID0256,SUBSET_ONLY
SID0256,COMPLEMENTARY
SID0258,COMPLEMENTARY
SID0259,DISCORDANT
SID0259,CONFIRMATORY
SID0264,AGREEMENT
SID0268,CONFIRMATORY
SID0269,DISCORDANT
SID0275,DISCORDANT
SID0282,DISCORDANT
SID0284,DISCORDANT
SID0286,CONFIRMATORY
SID0287,NOT_COMPARED
SID0287,COMPLEMENTARY
SID0288,DISCORDANT
SID0290,AGREEMENT
SID0291,NOT_COMPARED
SID0292,NOT_COMPARED
SID0292,COMPLEMENTARY
SID0293,NOT_COMPARED
SID0295,AGREEMENT
SID0297,NOT_COMPARED
SID0297,SUBSET_ONLY
SID0297,DISCORDANT
SID0298,CONFIRMATORY
SID0311,CONFIRMATORY
SID0320,AGREEMENT
SID0321,CONFIRMATORY
SID0331,AGREEMENT
SID0332,CONFIRMATORY
SID0333,CONFIRMATORY
SID0334,NOT_COMPARED
SID0339,DISCORDANT
SID0340,NOT_COMPARED
SID0343,SUBSET_ONLY
SID0343,AGREEMENT
SID0345,DISCORDANT
SID0345,AGREEMENT
SID0347,NOT_COMPARED
SID0350,NOT_COMPARED
SID0386,AGREEMENT
SID0387,DISCORDANT
SID0405,CONFIRMATORY
SID0405,COMPLEMENTARY
SID0006,DISCORDANT
SID0006,COMPLEMENTARY
SID0012,CONFIRMATORY
SID0017,CONFIRMATORY
SID0025,SIZE_SPLIT
SID0025,COMPLEMENTARY
SID0033,CONFIRMATORY
SID0033,COMPLEMENTARY
SID0036,AGREEMENT
SID0036,COMPLEMENTARY
SID0045,CONFIRMATORY
SID0045,COMPLEMENTARY
SID0053,CONFIRMATORY
SID0064,AGREEMENT
SID0064,CONFIRMATORY
SID0064,COMPLEMENTARY
SID0067,CONFIRMATORY
SID0087,CONFIRMATORY
SID0087,COMPLEMENTARY
SID0098,SIZE_SPLIT
SID0098,AGREEMENT
SID0098,CONFIRMATORY
SID0098,COMPLEMENTARY
SID0099,COMPLEMENTARY
SID0100,CONFIRMATORY
SID0105,COMPLEMENTARY
SID0107,CONFIRMATORY
SID0110,CONFIRMATORY
SID0110,COMPLEMENTARY
SID0111,SINGLE_PLATFORM
SID0117,SIZE_SPLIT
SID0117,CONFIRMATORY
SID0117,COMPLEMENTARY
SID0128,AGREEMENT
SID0128,CONFIRMATORY
SID0128,COMPLEMENTARY
SID0154,COMPLEMENTARY
SID0163,SIZE_SPLIT
SID0163,AGREEMENT
SID0163,CONFIRMATORY
SID0163,COMPLEMENTARY
SID0164,CONFIRMATORY
SID0164,COMPLEMENTARY
SID0165,SINGLE_PLATFORM
SID0166,SIZE_SPLIT
SID0166,DISCORDANT
SID0168,SINGLE_PLATFORM
SID0177,AGREEMENT
SID0177,CONFIRMATORY
SID0177,COMPLEMENTARY
SID0179,AGREEMENT
SID0179,CONFIRMATORY
SID0179,COMPLEMENTARY
SID0186,AGREEMENT
SID0186,CONFIRMATORY
SID0186,COMPLEMENTARY
SID0201,CONFIRMATORY
SID0201,COMPLEMENTARY
SID0207,CONFIRMATORY
SID0207,COMPLEMENTARY
SID0215,CONFIRMATORY
SID0215,COMPLEMENTARY
SID0217,CONFIRMATORY
SID0217,COMPLEMENTARY
SID0226,CONFIRMATORY
SID0226,COMPLEMENTARY
SID0229,SINGLE_PLATFORM
SID0243,AGREEMENT
SID0243,CONFIRMATORY
SID0254,CONFIRMATORY
SID0254,COMPLEMENTARY
SID0257,COMPLEMENTARY
