study_id,metric
SID0001,digestion_completeness_verification_method
SID0001,repeatability_precision_reported
SID0001,spike_recovery_pct
SID0002,digestion_completeness_verification_method
SID0002,mitigation_effectiveness_demonstrated
SID0002,repeatability_precision_reported
SID0003,digestion_completeness_verification_method
SID0003,mitigation_effectiveness_demonstrated
SID0003,extraction_efficiency_pct
SID0003,repeatability_precision_reported
SID0003,spike_recovery_pct
SID0004,mitigation_effectiveness_demonstrated
SID0004,repeatability_precision_reported
SID0005,mitigation_effectiveness_demonstrated
SID0005,repeatability_precision_reported
SID0007,mitigation_effectiveness_demonstrated
SID0007,repeatability_precision_reported
SID0008,digestion_completeness_verification_method
SID0008,mitigation_effectiveness_demonstrated
SID0008,repeatability_precision_reported
SID0009,mitigation_effectiveness_demonstrated
SID0009,repeatability_precision_reported
SID0010,digestion_completeness_verification_method
SID0010,mitigation_effectiveness_demonstrated
SID0010,repeatability_precision_reported
SID0011,mitigation_effectiveness_demonstrated
SID0011,repeatability_precision_reported
SID0013,mitigation_effectiveness_demonstrated
SID0013,repeatability_precision_reported
SID0014,digestion_completeness_verification_method
SID0014,digestion_efficiency_pct
SID0014,mitigation_effectiveness_demonstrated
SID0014,extraction_efficiency_pct
SID0014,repeatability_precision_reported
SID0014,spike_recovery_pct
SID0015,digestion_completeness_verification_method
SID0015,digestion_efficiency_pct
SID0015,mitigation_effectiveness_demonstrated
SID0015,extraction_efficiency_pct
SID0015,repeatability_precision_reported
SID0015,spike_recovery_pct
SID0016,digestion_completeness_verification_method
SID0016,mitigation_effectiveness_demonstrated
SID0016,repeatability_precision_reported
SID0018,digestion_completeness_verification_method
SID0018,mitigation_effectiveness_demonstrated
SID0018,extraction_efficiency_pct
SID0018,repeatability_precision_reported
SID0018,spike_recovery_pct
SID0019,digestion_completeness_verification_method
SID0019,mitigation_effectiveness_demonstrated
SID0019,extraction_efficiency_pct
SID0019,repeatability_precision_reported
SID0019,spike_recovery_pct
SID0020,mitigation_effectiveness_demonstrated
SID0020,repeatability_precision_reported
SID0021,mitigation_effectiveness_demonstrated
SID0021,repeatability_precision_reported
SID0022,digestion_completeness_verification_method
SID0022,digestion_efficiency_pct
SID0022,mitigation_effectiveness_demonstrated
SID0022,extraction_efficiency_pct
SID0022,repeatability_precision_reported
SID0022,spike_recovery_pct
SID0024,digestion_completeness_verification_method
SID0024,digestion_efficiency_pct
SID0024,mitigation_effectiveness_demonstrated
SID0024,repeatability_precision_reported
SID0026,digestion_completeness_verification_method
SID0026,digestion_efficiency_pct
SID0026,mitigation_effectiveness_demonstrated
SID0026,extraction_efficiency_pct
SID0026,repeatability_precision_reported
SID0026,spike_recovery_pct
SID0027,mitigation_effectiveness_demonstrated
SID0027,repeatability_precision_reported
SID0028,digestion_completeness_verification_method
SID0028,digestion_efficiency_pct
SID0028,mitigation_effectiveness_demonstrated
SID0028,repeatability_precision_reported
SID0029,mitigation_effectiveness_demonstrated
SID0029,repeatability_precision_reported
SID0030,digestion_completeness_verification_method
SID0030,mitigation_effectiveness_demonstrated
SID0030,repeatability_precision_reported
SID0031,digestion_completeness_verification_method
SID0031,mitigation_effectiveness_demonstrated
SID0031,repeatability_precision_reported
SID0032,digestion_completeness_verification_method
SID0032,mitigation_effectiveness_demonstrated
SID0032,extraction_efficiency_pct
SID0032,repeatability_precision_reported
SID0032,spike_recovery_pct
SID0034,digestion_completeness_verification_method
SID0034,mitigation_effectiveness_demonstrated
SID0034,repeatability_precision_reported
SID0035,digestion_completeness_verification_method
SID0035,mitigation_effectiveness_demonstrated
SID0035,repeatability_precision_reported
SID0037,digestion_completeness_verification_method
SID0037,mitigation_effectiveness_demonstrated
SID0037,repeatability_precision_reported
SID0038,digestion_completeness_verification_method
SID0038,mitigation_effectiveness_demonstrated
SID0038,repeatability_precision_reported
SID0039,digestion_completeness_verification_method
SID0039,mitigation_effectiveness_demonstrated
SID0039,repeatability_precision_reported
SID0040,digestion_completeness_verification_method
SID0040,mitigation_effectiveness_demonstrated
SID0040,repeatability_precision_reported
SID0041,digestion_completeness_verification_method
SID0041,mitigation_effectiveness_demonstrated
SID0041,repeatability_precision_reported
SID0042,digestion_completeness_verification_method
SID0042,mitigation_effectiveness_demonstrated
SID0042,repeatability_precision_reported
SID0043,digestion_completeness_verification_method
SID0043,mitigation_effectiveness_demonstrated
SID0043,repeatability_precision_reported
SID0044,digestion_completeness_verification_method
SID0044,mitigation_effectiveness_demonstrated
SID0044,repeatability_precision_reported
SID0046,repeatability_precision_reported
SID0047,digestion_completeness_verification_method
SID0047,mitigation_effectiveness_demonstrated
SID0047,repeatability_precision_reported
SID0048,mitigation_effectiveness_demonstrated
SID0048,repeatability_precision_reported
SID0049,mitigation_effectiveness_demonstrated
SID0049,repeatability_precision_reported
SID0050,digestion_completeness_verification_method
SID0050,mitigation_effectiveness_demonstrated
SID0050,repeatability_precision_reported
SID0051,digestion_completeness_verification_method
SID0051,digestion_efficiency_pct
SID0051,mitigation_effectiveness_demonstrated
SID0051,extraction_efficiency_pct
SID0051,repeatability_precision_reported
SID0051,spike_recovery_pct
SID0052,digestion_completeness_verification_method
SID0052,mitigation_effectiveness_demonstrated
SID0052,repeatability_precision_reported
SID0054,mitigation_effectiveness_demonstrated
SID0054,repeatability_precision_reported
SID0055,mitigation_effectiveness_demonstrated
SID0056,mitigation_effectiveness_demonstrated
SID0056,repeatability_precision_reported
SID0057,mitigation_effectiveness_demonstrated
SID0057,extraction_efficiency_pct
SID0057,repeatability_precision_reported
SID0057,spike_recovery_pct
SID0059,mitigation_effectiveness_demonstrated
SID0059,extraction_efficiency_pct
SID0059,repeatability_precision_reported
SID0060,mitigation_effectiveness_demonstrated
SID0060,repeatability_precision_reported
SID0061,mitigation_effectiveness_demonstrated
SID0061,repeatability_precision_reported
SID0062,digestion_completeness_verification_method
SID0062,mitigation_effectiveness_demonstrated
SID0062,repeatability_precision_reported
SID0063,digestion_completeness_verification_method
SID0063,digestion_efficiency_pct
SID0063,mitigation_effectiveness_demonstrated
SID0063,extraction_efficiency_pct
SID0063,repeatability_precision_reported
SID0066,mitigation_effectiveness_demonstrated
SID0066,repeatability_precision_reported
SID0068,digestion_completeness_verification_method
SID0068,digestion_efficiency_pct
SID0068,mitigation_effectiveness_demonstrated
SID0068,extraction_efficiency_pct
SID0068,repeatability_precision_reported
SID0068,spike_recovery_pct
SID0069,digestion_completeness_verification_method
SID0069,digestion_efficiency_pct
SID0069,mitigation_effectiveness_demonstrated
SID0069,extraction_efficiency_pct
SID0069,repeatability_precision_reported
SID0069,spike_recovery_pct
SID0070,digestion_completeness_verification_method
SID0070,mitigation_effectiveness_demonstrated
SID0070,repeatability_precision_reported
SID0071,mitigation_effectiveness_demonstrated
SID0071,repeatability_precision_reported
SID0072,mitigation_effectiveness_demonstrated
SID0072,repeatability_precision_reported
SID0072,spike_recovery_pct
SID0073,mitigation_effectiveness_demonstrated
SID0073,repeatability_precision_reported
SID0074,digestion_completeness_verification_method
SID0074,mitigation_effectiveness_demonstrated
SID0074,extraction_efficiency_pct
SID0074,repeatability_precision_reported
SID0074,spike_recovery_pct
SID0075,mitigation_effectiveness_demonstrated
SID0075,repeatability_precision_reported
SID0076,mitigation_effectiveness_demonstrated
SID0076,repeatability_precision_reported
SID0077,digestion_completeness_verification_method
SID0077,digestion_efficiency_pct
SID0077,mitigation_effectiveness_demonstrated
SID0077,extraction_efficiency_pct
SID0077,repeatability_precision_reported
SID0077,spike_recovery_pct
SID0078,mitigation_effectiveness_demonstrated
SID0078,repeatability_precision_reported
SID0079,digestion_completeness_verification_method
SID0079,mitigation_effectiveness_demonstrated
SID0079,repeatability_precision_reported
SID0080,mitigation_effectiveness_demonstrated
SID0080,repeatability_precision_reported
SID0080,spike_recovery_pct
SID0081,mitigation_effectiveness_demonstrated
SID0081,repeatability_precision_reported
SID0082,digestion_completeness_verification_method
SID0082,digestion_efficiency_pct
SID0082,mitigation_effectiveness_demonstrated
SID0082,repeatability_precision_reported
SID0082,spike_recovery_pct
SID0083,mitigation_effectiveness_demonstrated
SID0083,repeatability_precision_reported
SID0084,digestion_completeness_verification_method
SID0084,digestion_efficiency_pct
SID0084,mitigation_effectiveness_demonstrated
SID0084,repeatability_precision_reported
SID0085,mitigation_effectiveness_demonstrated
SID0085,extraction_efficiency_pct
SID0085,repeatability_precision_reported
SID0085,spike_recovery_pct
SID0086,mitigation_effectiveness_demonstrated
SID0086,repeatability_precision_reported
SID0086,spike_recovery_pct
SID0088,mitigation_effectiveness_demonstrated
SID0088,extraction_efficiency_pct
SID0088,repeatability_precision_reported
SID0088,spike_recovery_pct
SID0089,digestion_completeness_verification_method
SID0089,digestion_efficiency_pct
SID0089,mitigation_effectiveness_demonstrated
SID0089,extraction_efficiency_pct
SID0089,repeatability_precision_reported
SID0089,spike_recovery_pct
SID0090,mitigation_effectiveness_demonstrated
SID0090,repeatability_precision_reported
SID0090,spike_recovery_pct
SID0091,digestion_completeness_verification_method
SID0091,mitigation_effectiveness_demonstrated
SID0091,extraction_efficiency_pct
SID0091,repeatability_precision_reported
SID0091,spike_recovery_pct
SID0092,digestion_completeness_verification_method
SID0092,digestion_efficiency_pct
SID0092,mitigation_effectiveness_demonstrated
SID0092,extraction_efficiency_pct
SID0092,repeatability_precision_reported
SID0092,spike_recovery_pct
SID0093,digestion_completeness_verification_method
SID0093,mitigation_effectiveness_demonstrated
SID0093,extraction_efficiency_pct
SID0093,repeatability_precision_reported
SID0093,spike_recovery_pct
SID0094,digestion_completeness_verification_method
SID0094,mitigation_effectiveness_demonstrated
SID0094,extraction_efficiency_pct
SID0094,repeatability_precision_reported
SID0094,spike_recovery_pct
SID0095,digestion_completeness_verification_method
SID0095,mitigation_effectiveness_demonstrated
SID0095,extraction_efficiency_pct
SID0095,repeatability_precision_reported
SID0095,spike_recovery_pct
SID0096,digestion_completeness_verification_method
SID0096,digestion_efficiency_pct
SID0096,mitigation_effectiveness_demonstrated
SID0096,extraction_efficiency_pct
SID0096,repeatability_precision_reported
SID0096,spike_recovery_pct
SID0097,digestion_completeness_verification_method
SID0097,mitigation_effectiveness_demonstrated
SID0097,extraction_efficiency_pct
SID0097,repeatability_precision_reported
SID0097,spike_recovery_pct
SID0101,digestion_completeness_verification_method
SID0101,extraction_efficiency_pct
SID0101,repeatability_precision_reported
SID0101,spike_recovery_pct
SID0102,digestion_completeness_verification_method
SID0102,digestion_efficiency_pct
SID0102,mitigation_effectiveness_demonstrated
SID0102,extraction_efficiency_pct
SID0102,repeatability_precision_reported
SID0102,spike_recovery_pct
SID0103,digestion_completeness_verification_method
SID0103,digestion_efficiency_pct
SID0103,extraction_efficiency_pct
SID0103,repeatability_precision_reported
SID0103,spike_recovery_pct
SID0104,digestion_completeness_verification_method
SID0104,mitigation_effectiveness_demonstrated
SID0104,extraction_efficiency_pct
SID0104,repeatability_precision_reported
SID0104,spike_recovery_pct
SID0106,digestion_completeness_verification_method
SID0106,digestion_efficiency_pct
SID0106,extraction_efficiency_pct
SID0106,repeatability_precision_reported
SID0106,spike_recovery_pct
SID0108,digestion_completeness_verification_method
SID0108,mitigation_effectiveness_demonstrated
SID0108,extraction_efficiency_pct
SID0108,repeatability_precision_reported
SID0108,spike_recovery_pct
SID0109,digestion_completeness_verification_method
SID0109,mitigation_effectiveness_demonstrated
SID0109,extraction_efficiency_pct
SID0109,repeatability_precision_reported
SID0109,spike_recovery_pct
SID0112,digestion_completeness_verification_method
SID0112,mitigation_effectiveness_demonstrated
SID0112,extraction_efficiency_pct
SID0112,repeatability_precision_reported
SID0112,spike_recovery_pct
SID0113,digestion_completeness_verification_method
SID0113,mitigation_effectiveness_demonstrated
SID0113,extraction_efficiency_pct
SID0113,repeatability_precision_reported
SID0113,spike_recovery_pct
SID0114,mitigation_effectiveness_demonstrated
SID0114,repeatability_precision_reported
SID0114,spike_recovery_pct
SID0115,digestion_completeness_verification_method
SID0115,digestion_efficiency_pct
SID0115,mitigation_effectiveness_demonstrated
SID0115,extraction_efficiency_pct
SID0115,repeatability_precision_reported
SID0115,spike_recovery_pct
SID0116,digestion_completeness_verification_method
SID0116,digestion_efficiency_pct
SID0116,mitigation_effectiveness_demonstrated
SID0116,extraction_efficiency_pct
SID0116,repeatability_precision_reported
SID0116,spike_recovery_pct
SID0118,digestion_completeness_verification_method
SID0118,digestion_efficiency_pct
SID0118,mitigation_effectiveness_demonstrated
SID0118,extraction_efficiency_pct
SID0118,repeatability_precision_reported
SID0118,spike_recovery_pct
SID0119,digestion_completeness_verification_method
SID0119,digestion_efficiency_pct
SID0119,mitigation_effectiveness_demonstrated
SID0119,extraction_efficiency_pct
SID0119,repeatability_precision_reported
SID0119,spike_recovery_pct
SID0120,digestion_completeness_verification_method
SID0120,mitigation_effectiveness_demonstrated
SID0120,extraction_efficiency_pct
SID0120,repeatability_precision_reported
SID0120,spike_recovery_pct
SID0121,digestion_completeness_verification_method
SID0121,digestion_efficiency_pct
SID0121,mitigation_effectiveness_demonstrated
SID0121,extraction_efficiency_pct
SID0121,repeatability_precision_reported
SID0121,spike_recovery_pct
SID0122,digestion_completeness_verification_method
SID0122,digestion_efficiency_pct
SID0122,mitigation_effectiveness_demonstrated
SID0122,extraction_efficiency_pct
SID0122,repeatability_precision_reported
SID0122,spike_recovery_pct
SID0123,digestion_completeness_verification_method
SID0123,mitigation_effectiveness_demonstrated
SID0123,extraction_efficiency_pct
SID0123,repeatability_precision_reported
SID0123,spike_recovery_pct
SID0124,digestion_completeness_verification_method
SID0124,digestion_efficiency_pct
SID0124,mitigation_effectiveness_demonstrated
SID0124,extraction_efficiency_pct
SID0124,repeatability_precision_reported
SID0124,spike_recovery_pct
SID0125,digestion_completeness_verification_method
SID0125,mitigation_effectiveness_demonstrated
SID0125,extraction_efficiency_pct
SID0125,repeatability_precision_reported
SID0125,spike_recovery_pct
SID0126,digestion_completeness_verification_method
SID0126,mitigation_effectiveness_demonstrated
SID0126,extraction_efficiency_pct
SID0126,repeatability_precision_reported
SID0126,spike_recovery_pct
SID0127,digestion_completeness_verification_method
SID0127,digestion_efficiency_pct
SID0127,mitigation_effectiveness_demonstrated
SID0127,extraction_efficiency_pct
SID0127,repeatability_precision_reported
SID0127,spike_recovery_pct
SID0129,digestion_completeness_verification_method
SID0129,mitigation_effectiveness_demonstrated
SID0129,extraction_efficiency_pct
SID0129,repeatability_precision_reported
SID0129,spike_recovery_pct
SID0130,digestion_completeness_verification_method
SID0130,mitigation_effectiveness_demonstrated
SID0130,extraction_efficiency_pct
SID0130,repeatability_precision_reported
SID0130,spike_recovery_pct
SID0131,digestion_completeness_verification_method
SID0131,digestion_efficiency_pct
SID0131,mitigation_effectiveness_demonstrated
SID0131,extraction_efficiency_pct
SID0131,repeatability_precision_reported
SID0131,spike_recovery_pct
SID0132,digestion_completeness_verification_method
SID0132,digestion_efficiency_pct
SID0132,mitigation_effectiveness_demonstrated
SID0132,extraction_efficiency_pct
SID0132,repeatability_precision_reported
SID0132,spike_recovery_pct
SID0133,digestion_completeness_verification_method
SID0133,mitigation_effectiveness_demonstrated
SID0133,extraction_efficiency_pct
SID0133,repeatability_precision_reported
SID0133,spike_recovery_pct
SID0134,digestion_completeness_verification_method
SID0134,extraction_efficiency_pct
SID0134,repeatability_precision_reported
SID0134,spike_recovery_pct
SID0135,digestion_completeness_verification_method
SID0135,mitigation_effectiveness_demonstrated
SID0135,extraction_efficiency_pct
SID0135,repeatability_precision_reported
SID0135,spike_recovery_pct
SID0136,digestion_completeness_verification_method
SID0136,mitigation_effectiveness_demonstrated
SID0136,extraction_efficiency_pct
SID0136,repeatability_precision_reported
SID0136,spike_recovery_pct
SID0137,digestion_completeness_verification_method
SID0137,mitigation_effectiveness_demonstrated
SID0137,extraction_efficiency_pct
SID0137,repeatability_precision_reported
SID0137,spike_recovery_pct
SID0138,digestion_completeness_verification_method
SID0138,mitigation_effectiveness_demonstrated
SID0138,extraction_efficiency_pct
SID0138,repeatability_precision_reported
SID0138,spike_recovery_pct
SID0139,digestion_completeness_verification_method
SID0139,mitigation_effectiveness_demonstrated
SID0139,extraction_efficiency_pct
SID0139,repeatability_precision_reported
SID0139,spike_recovery_pct
SID0140,digestion_completeness_verification_method
SID0140,digestion_efficiency_pct
SID0140,mitigation_effectiveness_demonstrated
SID0140,extraction_efficiency_pct
SID0140,repeatability_precision_reported
SID0140,spike_recovery_pct
SID0141,digestion_completeness_verification_method
SID0141,mitigation_effectiveness_demonstrated
SID0141,extraction_efficiency_pct
SID0141,repeatability_precision_reported
SID0141,spike_recovery_pct
SID0143,digestion_completeness_verification_method
SID0143,digestion_efficiency_pct
SID0143,mitigation_effectiveness_demonstrated
SID0143,extraction_efficiency_pct
SID0143,repeatability_precision_reported
SID0143,spike_recovery_pct
SID0144,digestion_completeness_verification_method
SID0144,mitigation_effectiveness_demonstrated
SID0144,extraction_efficiency_pct
SID0144,repeatability_precision_reported
SID0144,spike_recovery_pct
SID0145,digestion_completeness_verification_method
SID0145,mitigation_effectiveness_demonstrated
SID0145,extraction_efficiency_pct
SID0145,repeatability_precision_reported
SID0145,spike_recovery_pct
SID0146,digestion_completeness_verification_method
SID0146,mitigation_effectiveness_demonstrated
SID0146,extraction_efficiency_pct
SID0146,repeatability_precision_reported
SID0146,spike_recovery_pct
SID0147,digestion_completeness_verification_method
SID0147,mitigation_effectiveness_demonstrated
SID0147,extraction_efficiency_pct
SID0147,repeatability_precision_reported
SID0147,spike_recovery_pct
SID0148,digestion_completeness_verification_method
SID0148,digestion_efficiency_pct
SID0148,mitigation_effectiveness_demonstrated
SID0148,extraction_efficiency_pct
SID0148,repeatability_precision_reported
SID0148,spike_recovery_pct
SID0149,digestion_completeness_verification_method
SID0149,digestion_efficiency_pct
SID0149,mitigation_effectiveness_demonstrated
SID0149,extraction_efficiency_pct
SID0149,repeatability_precision_reported
SID0149,spike_recovery_pct
SID0150,digestion_completeness_verification_method
SID0150,mitigation_effectiveness_demonstrated
SID0150,extraction_efficiency_pct
SID0150,repeatability_precision_reported
SID0150,spike_recovery_pct
SID0151,digestion_completeness_verification_method
SID0151,mitigation_effectiveness_demonstrated
SID0151,extraction_efficiency_pct
SID0151,repeatability_precision_reported
SID0151,spike_recovery_pct
SID0152,digestion_completeness_verification_method
SID0152,mitigation_effectiveness_demonstrated
SID0152,extraction_efficiency_pct
SID0152,repeatability_precision_reported
SID0152,spike_recovery_pct
SID0153,digestion_completeness_verification_method
SID0153,mitigation_effectiveness_demonstrated
SID0153,extraction_efficiency_pct
SID0153,repeatability_precision_reported
SID0153,spike_recovery_pct
SID0155,digestion_completeness_verification_method
SID0155,mitigation_effectiveness_demonstrated
SID0155,extraction_efficiency_pct
SID0155,repeatability_precision_reported
SID0155,spike_recovery_pct
SID0156,digestion_completeness_verification_method
SID0156,mitigation_effectiveness_demonstrated
SID0156,extraction_efficiency_pct
SID0156,repeatability_precision_reported
SID0156,spike_recovery_pct
SID0157,digestion_completeness_verification_method
SID0157,mitigation_effectiveness_demonstrated
SID0157,extraction_efficiency_pct
SID0157,repeatability_precision_reported
SID0157,spike_recovery_pct
SID0158,digestion_completeness_verification_method
SID0158,mitigation_effectiveness_demonstrated
SID0158,extraction_efficiency_pct
SID0158,repeatability_precision_reported
SID0158,spike_recovery_pct
SID0159,digestion_completeness_verification_method
SID0159,mitigation_effectiveness_demonstrated
SID0159,extraction_efficiency_pct
SID0159,repeatability_precision_reported
SID0159,spike_recovery_pct
SID0160,digestion_completeness_verification_method
SID0160,mitigation_effectiveness_demonstrated
SID0160,extraction_efficiency_pct
SID0160,repeatability_precision_reported
SID0160,spike_recovery_pct
SID0161,digestion_completeness_verification_method
SID0161,mitigation_effectiveness_demonstrated
SID0161,extraction_efficiency_pct
SID0161,repeatability_precision_reported
SID0161,spike_recovery_pct
SID0162,digestion_completeness_verification_method
SID0162,extraction_efficiency_pct
SID0162,repeatability_precision_reported
SID0162,spike_recovery_pct
SID0167,digestion_completeness_verification_method
SID0167,spike_recovery_pct
SID0169,mitigation_effectiveness_demonstrated
SID0169,repeatability_precision_reported
SID0169,spike_recovery_pct
SID0170,digestion_completeness_verification_method
SID0170,mitigation_effectiveness_demonstrated
SID0170,repeatability_precision_reported
SID0170,spike_recovery_pct
SID0171,digestion_completeness_verification_method
SID0171,digestion_efficiency_pct
SID0171,mitigation_effectiveness_demonstrated
SID0171,extraction_efficiency_pct
SID0171,repeatability_precision_reported
SID0171,spike_recovery_pct
SID0172,digestion_completeness_verification_method
SID0172,mitigation_effectiveness_demonstrated
SID0172,repeatability_precision_reported
SID0172,spike_recovery_pct
SID0173,digestion_completeness_verification_method
SID0173,mitigation_effectiveness_demonstrated
SID0173,repeatability_precision_reported
SID0173,spike_recovery_pct
SID0174,digestion_completeness_verification_method
SID0174,mitigation_effectiveness_demonstrated
SID0174,repeatability_precision_reported
SID0174,spike_recovery_pct
SID0175,digestion_completeness_verification_method
SID0175,mitigation_effectiveness_demonstrated
SID0175,repeatability_precision_reported
SID0175,spike_recovery_pct
SID0176,digestion_completeness_verification_method
SID0176,mitigation_effectiveness_demonstrated
SID0176,extraction_efficiency_pct
SID0176,repeatability_precision_reported
SID0176,spike_recovery_pct
SID0178,digestion_completeness_verification_method
SID0178,repeatability_precision_reported
SID0178,spike_recovery_pct
SID0180,digestion_completeness_verification_method
SID0180,repeatability_precision_reported
SID0180,spike_recovery_pct
SID0181,digestion_completeness_verification_method
SID0181,repeatability_precision_reported
SID0181,spike_recovery_pct
SID0182,digestion_completeness_verification_method
SID0182,repeatability_precision_reported
SID0182,spike_recovery_pct
SID0183,digestion_completeness_verification_method
SID0183,digestion_efficiency_pct
SID0183,mitigation_effectiveness_demonstrated
SID0183,extraction_efficiency_pct
SID0183,repeatability_precision_reported
SID0183,spike_recovery_pct
SID0184,digestion_completeness_verification_method
SID0184,digestion_efficiency_pct
SID0184,mitigation_effectiveness_demonstrated
SID0184,repeatability_precision_reported
SID0184,spike_recovery_pct
SID0185,digestion_completeness_verification_method
SID0185,repeatability_precision_reported
SID0185,spike_recovery_pct
SID0187,digestion_completeness_verification_method
SID0187,repeatability_precision_reported
SID0187,spike_recovery_pct
SID0188,digestion_completeness_verification_method
SID0188,repeatability_precision_reported
SID0188,spike_recovery_pct
SID0189,digestion_completeness_verification_method
SID0189,repeatability_precision_reported
SID0189,spike_recovery_pct
SID0190,digestion_completeness_verification_method
SID0190,digestion_efficiency_pct
SID0190,mitigation_effectiveness_demonstrated
SID0190,extraction_efficiency_pct
SID0190,repeatability_precision_reported
SID0190,spike_recovery_pct
SID0191,digestion_completeness_verification_method
SID0191,repeatability_precision_reported
SID0191,spike_recovery_pct
SID0192,digestion_completeness_verification_method
SID0192,repeatability_precision_reported
SID0192,spike_recovery_pct
SID0193,digestion_completeness_verification_method
SID0193,digestion_efficiency_pct
SID0193,mitigation_effectiveness_demonstrated
SID0193,extraction_efficiency_pct
SID0193,spike_recovery_pct
SID0194,digestion_completeness_verification_method
SID0194,repeatability_precision_reported
SID0194,spike_recovery_pct
SID0195,digestion_completeness_verification_method
SID0195,repeatability_precision_reported
SID0195,spike_recovery_pct
SID0196,digestion_completeness_verification_method
SID0196,repeatability_precision_reported
SID0196,spike_recovery_pct
SID0197,digestion_completeness_verification_method
SID0197,repeatability_precision_reported
SID0197,spike_recovery_pct
SID0198,digestion_completeness_verification_method
SID0198,mitigation_effectiveness_demonstrated
SID0198,repeatability_precision_reported
SID0198,spike_recovery_pct
SID0199,digestion_completeness_verification_method
SID0199,repeatability_precision_reported
SID0199,spike_recovery_pct
SID0200,digestion_completeness_verification_method
SID0200,repeatability_precision_reported
SID0200,spike_recovery_pct
SID0202,digestion_completeness_verification_method
SID0202,repeatability_precision_reported
SID0202,spike_recovery_pct
SID0203,digestion_completeness_verification_method
SID0203,repeatability_precision_reported
SID0203,spike_recovery_pct
SID0204,digestion_completeness_verification_method
SID0204,repeatability_precision_reported
SID0204,spike_recovery_pct
SID0205,digestion_completeness_verification_method
SID0205,repeatability_precision_reported
SID0205,spike_recovery_pct
SID0206,digestion_completeness_verification_method
SID0206,digestion_efficiency_pct
SID0206,mitigation_effectiveness_demonstrated
SID0206,extraction_efficiency_pct
SID0206,repeatability_precision_reported
SID0206,spike_recovery_pct
SID0208,digestion_completeness_verification_method
SID0208,repeatability_precision_reported
SID0208,spike_recovery_pct
SID0209,digestion_completeness_verification_method
SID0209,mitigation_effectiveness_demonstrated
SID0209,extraction_efficiency_pct
SID0209,repeatability_precision_reported
SID0209,spike_recovery_pct
SID0210,digestion_completeness_verification_method
SID0210,mitigation_effectiveness_demonstrated
SID0210,repeatability_precision_reported
SID0210,spike_recovery_pct
SID0211,digestion_completeness_verification_method
SID0211,mitigation_effectiveness_demonstrated
SID0211,repeatability_precision_reported
SID0211,spike_recovery_pct
SID0212,digestion_completeness_verification_method
SID0212,mitigation_effectiveness_demonstrated
SID0212,repeatability_precision_reported
SID0212,spike_recovery_pct
SID0213,digestion_completeness_verification_method
SID0213,mitigation_effectiveness_demonstrated
SID0213,repeatability_precision_reported
SID0213,spike_recovery_pct
SID0214,digestion_completeness_verification_method
SID0214,repeatability_precision_reported
SID0214,spike_recovery_pct
SID0216,digestion_completeness_verification_method
SID0216,repeatability_precision_reported
SID0216,spike_recovery_pct
SID0218,digestion_completeness_verification_method
SID0218,repeatability_precision_reported
SID0218,spike_recovery_pct
SID0219,digestion_completeness_verification_method
SID0219,mitigation_effectiveness_demonstrated
SID0219,repeatability_precision_reported
SID0219,spike_recovery_pct
SID0220,digestion_completeness_verification_method
SID0220,mitigation_effectiveness_demonstrated
SID0220,repeatability_precision_reported
SID0220,spike_recovery_pct
SID0221,digestion_completeness_verification_method
SID0221,mitigation_effectiveness_demonstrated
SID0221,repeatability_precision_reported
SID0221,spike_recovery_pct
SID0222,repeatability_precision_reported
SID0222,spike_recovery_pct
SID0223,digestion_completeness_verification_method
SID0223,mitigation_effectiveness_demonstrated
SID0223,repeatability_precision_reported
SID0223,spike_recovery_pct
SID0224,digestion_completeness_verification_method
SID0224,repeatability_precision_reported
SID0224,spike_recovery_pct
SID0225,digestion_completeness_verification_method
SID0225,mitigation_effectiveness_demonstrated
SID0225,extraction_efficiency_pct
SID0225,repeatability_precision_reported
SID0225,spike_recovery_pct
SID0227,digestion_completeness_verification_method
SID0227,repeatability_precision_reported
SID0227,spike_recovery_pct
SID0228,digestion_completeness_verification_method
SID0228,extraction_efficiency_pct
SID0228,repeatability_precision_reported
SID0228,spike_recovery_pct
SID0230,digestion_completeness_verification_method
SID0230,repeatability_precision_reported
SID0230,spike_recovery_pct
SID0231,mitigation_effectiveness_demonstrated
SID0231,repeatability_precision_reported
SID0231,spike_recovery_pct
SID0232,digestion_completeness_verification_method
SID0232,digestion_efficiency_pct
SID0232,mitigation_effectiveness_demonstrated
SID0232,extraction_efficiency_pct
SID0232,repeatability_precision_reported
SID0232,spike_recovery_pct
SID0233,digestion_completeness_verification_method
SID0233,repeatability_precision_reported
SID0233,spike_recovery_pct
SID0234,digestion_completeness_verification_method
SID0234,digestion_efficiency_pct
SID0234,mitigation_effectiveness_demonstrated
SID0234,extraction_efficiency_pct
SID0234,repeatability_precision_reported
SID0234,spike_recovery_pct
SID0235,digestion_completeness_verification_method
SID0235,repeatability_precision_reported
SID0235,spike_recovery_pct
SID0236,digestion_completeness_verification_method
SID0236,repeatability_precision_reported
SID0236,spike_recovery_pct
SID0237,repeatability_precision_reported
SID0237,spike_recovery_pct
SID0238,digestion_completeness_verification_method
SID0238,repeatability_precision_reported
SID0238,spike_recovery_pct
SID0239,digestion_completeness_verification_method
SID0239,digestion_efficiency_pct
SID0239,mitigation_effectiveness_demonstrated
SID0239,extraction_efficiency_pct
SID0239,repeatability_precision_reported
SID0239,spike_recovery_pct
SID0240,digestion_completeness_verification_method
SID0240,repeatability_precision_reported
SID0240,spike_recovery_pct
SID0241,digestion_completeness_verification_method
SID0241,repeatability_precision_reported
SID0241,spike_recovery_pct
SID0242,digestion_completeness_verification_method
SID0242,repeatability_precision_reported
SID0242,spike_recovery_pct
SID0244,digestion_completeness_verification_method
SID0244,mitigation_effectiveness_demonstrated
SID0244,repeatability_precision_reported
SID0244,spike_recovery_pct
SID0245,digestion_completeness_verification_method
SID0245,repeatability_precision_reported
SID0245,spike_recovery_pct
SID0246,digestion_completeness_verification_method
SID0246,mitigation_effectiveness_demonstrated
SID0246,repeatability_precision_reported
SID0246,spike_recovery_pct
SID0247,digestion_completeness_verification_method
SID0247,digestion_efficiency_pct
SID0247,mitigation_effectiveness_demonstrated
SID0247,extraction_efficiency_pct
SID0247,repeatability_precision_reported
SID0247,spike_recovery_pct
SID0248,digestion_completeness_verification_method
SID0248,mitigation_effectiveness_demonstrated
SID0248,extraction_efficiency_pct
SID0248,repeatability_precision_reported
SID0248,spike_recovery_pct
SID0249,digestion_completeness_verification_method
SID0249,mitigation_effectiveness_demonstrated
SID0249,extraction_efficiency_pct
SID0249,repeatability_precision_reported
SID0249,spike_recovery_pct
SID0250,digestion_completeness_verification_method
SID0250,repeatability_precision_reported
SID0250,spike_recovery_pct
SID0251,digestion_completeness_verification_method
SID0251,digestion_efficiency_pct
SID0251,mitigation_effectiveness_demonstrated
SID0251,extraction_efficiency_pct
SID0251,repeatability_precision_reported
SID0251,spike_recovery_pct
SID0252,digestion_completeness_verification_method
SID0252,repeatability_precision_reported
SID0252,spike_recovery_pct
SID0253,digestion_completeness_verification_method
SID0253,repeatability_precision_reported
SID0253,spike_recovery_pct
SID0255,digestion_completeness_verification_method
SID0255,mitigation_effectiveness_demonstrated
SID0255,repeatability_precision_reported
SID0255,spike_recovery_pct
SID0256,digestion_completeness_verification_method
SID0256,repeatability_precision_reported
SID0256,spike_recovery_pct
SID0258,digestion_completeness_verification_method
SID0258,repeatability_precision_reported
SID0258,spike_recovery_pct
SID0259,mitigation_effectiveness_demonstrated
SID0259,repeatability_precision_reported
SID0259,spike_recovery_pct
SID0260,digestion_completeness_verification_method
SID0261,repeatability_precision_reported
SID0261,spike_recovery_pct
SID0261,whole_blood_plasma_comparison
SID0263,digestion_completeness_verification_method
SID0263,mitigation_effectiveness_demonstrated
SID0263,repeatability_precision_reported
SID0263,spike_recovery_pct
SID0264,digestion_completeness_verification_method
SID0264,digestion_efficiency_pct
SID0264,mitigation_effectiveness_demonstrated
SID0264,repeatability_precision_reported
SID0265,digestion_completeness_verification_method
SID0265,mitigation_effectiveness_demonstrated
SID0265,repeatability_precision_reported
SID0265,spike_recovery_pct
SID0269,spike_recovery_pct
SID0270,repeatability_precision_reported
SID0274,extraction_efficiency_pct
SID0274,repeatability_precision_reported
SID0274,spike_recovery_pct
SID0275,digestion_completeness_verification_method
SID0275,spike_recovery_pct
SID0276,mitigation_effectiveness_demonstrated
SID0276,spike_recovery_pct
SID0278,repeatability_precision_reported
SID0280,digestion_completeness_verification_method
SID0280,mitigation_effectiveness_demonstrated
SID0280,repeatability_precision_reported
SID0280,spike_recovery_pct
SID0281,repeatability_precision_reported
SID0281,spike_recovery_pct
SID0282,spike_recovery_pct
SID0284,spike_recovery_pct
SID0285,spike_recovery_pct
SID0288,spike_recovery_pct
SID0291,spike_recovery_pct
SID0292,repeatability_precision_reported
SID0294,repeatability_precision_reported
SID0295,digestion_completeness_verification_method
SID0295,mitigation_effectiveness_demonstrated
SID0295,repeatability_precision_reported
SID0296,digestion_efficiency_pct
SID0296,extraction_efficiency_pct
SID0296,repeatability_precision_reported
SID0296,spike_recovery_pct
SID0297,digestion_efficiency_pct
SID0297,extraction_efficiency_pct
SID0297,spike_recovery_pct
SID0298,digestion_completeness_verification_method
SID0299,mitigation_effectiveness_demonstrated
SID0299,spike_recovery_pct
SID0300,spike_recovery_pct
SID0301,spike_recovery_pct
SID0303,spike_recovery_pct
SID0306,spike_recovery_pct
SID0307,spike_recovery_pct
SID0308,spike_recovery_pct
SID0309,spike_recovery_pct
SID0310,spike_recovery_pct
SID0311,spike_recovery_pct
SID0313,spike_recovery_pct
SID0314,spike_recovery_pct
SID0315,digestion_completeness_verification_method
SID0315,repeatability_precision_reported
SID0315,spike_recovery_pct
SID0317,spike_recovery_pct
SID0318,spike_recovery_pct
SID0319,repeatability_precision_reported
SID0319,spike_recovery_pct
SID0322,spike_recovery_pct
SID0323,digestion_completeness_verification_method
SID0324,spike_recovery_pct
SID0325,repeatability_precision_reported
SID0325,spike_recovery_pct
SID0326,spike_recovery_pct
SID0327,spike_recovery_pct
SID0328,spike_recovery_pct
SID0329,spike_recovery_pct
SID0330,spike_recovery_pct
SID0331,digestion_completeness_verification_method
SID0331,mitigation_effectiveness_demonstrated
SID0331,repeatability_precision_reported
SID0332,repeatability_precision_reported
SID0332,spike_recovery_pct
SID0333,digestion_completeness_verification_method
SID0333,mitigation_effectiveness_demonstrated
SID0333,repeatability_precision_reported
SID0333,spike_recovery_pct
SID0334,repeatability_precision_reported
SID0335,digestion_completeness_verification_method
SID0335,repeatability_precision_reported
SID0337,digestion_efficiency_pct
SID0337,mitigation_effectiveness_demonstrated
SID0337,spike_recovery_pct
SID0338,digestion_efficiency_pct
SID0338,spike_recovery_pct
SID0339,spike_recovery_pct
SID0340,spike_recovery_pct
SID0341,spike_recovery_pct
SID0342,spike_recovery_pct
SID0345,spike_recovery_pct
SID0346,spike_recovery_pct
SID0347,mitigation_effectiveness_demonstrated
SID0347,spike_recovery_pct
SID0350,spike_recovery_pct
SID0352,spike_recovery_pct
SID0353,mitigation_effectiveness_demonstrated
SID0354,mitigation_effectiveness_demonstrated
SID0355,spike_recovery_pct
SID0357,digestion_completeness_verification_method
SID0358,spike_recovery_pct
SID0369,spike_recovery_pct
SID0370,spike_recovery_pct
SID0373,spike_recovery_pct
SID0385,mitigation_effectiveness_demonstrated
SID0388,mitigation_effectiveness_demonstrated
SID0389,digestion_completeness_verification_method
SID0389,digestion_efficiency_pct
SID0389,mitigation_effectiveness_demonstrated
SID0389,spike_recovery_pct
SID0390,digestion_completeness_verification_method
SID0390,spike_recovery_pct
SID0392,spike_recovery_pct
SID0405,mitigation_effectiveness_demonstrated
SID0410,repeatability_precision_reported
SID0425,spike_recovery_pct
