study_id,facet,code
SID0029,type,COMMERCIAL_PLASTIC
SID0029,use,IDENTIFICATION
SID0030,type,NOT_PLASTIC
SID0030,use,INSTRUMENT
SID0032,type,MS_CALIBRATION
SID0032,type,COMMERCIAL_PLASTIC
SID0032,use,CALIBRATION
SID0037,type,MS_CALIBRATION
SID0037,type,COMMERCIAL_PLASTIC
SID0037,use,IDENTIFICATION
SID0043,type,NOT_PLASTIC
SID0043,use,NON_MNP
SID0046,type,COMMERCIAL_PLASTIC
SID0046,use,QC_CHECK
SID0048,type,LAB_MADE
SID0048,use,IDENTIFICATION
SID0059,type,NONE
SID0079,type,COMMERCIAL_PLASTIC
SID0079,use,QC_CHECK
SID0081,type,COMMERCIAL_PLASTIC
SID0081,use,IDENTIFICATION
SID0085,type,COMMERCIAL_PLASTIC
SID0085,use,QC_CHECK
SID0086,type,MS_CALIBRATION
SID0086,use,NON_MNP
SID0092,type,COMMERCIAL_PLASTIC
SID0092,use,QC_CHECK
SID0097,type,COMMERCIAL_PLASTIC
SID0097,use,QC_CHECK
SID0112,type,COMMERCIAL_PLASTIC
SID0112,use,CALIBRATION
SID0112,use,RECOVERY
SID0113,type,MS_CALIBRATION
SID0113,type,COMMERCIAL_PLASTIC
SID0113,use,CALIBRATION
SID0114,type,MS_CALIBRATION
SID0114,type,COMMERCIAL_PLASTIC
SID0114,use,CALIBRATION
SID0116,type,MS_CALIBRATION
SID0116,type,COMMERCIAL_PLASTIC
SID0116,use,CALIBRATION
SID0118,type,COMMERCIAL_PLASTIC
SID0118,use,UNSPECIFIED
SID0120,type,MS_CALIBRATION
SID0120,type,COMMERCIAL_PLASTIC
SID0120,use,CALIBRATION
SID0121,type,COMMERCIAL_PLASTIC
SID0121,use,SIZE_REFERENCE
SID0122,type,COMMERCIAL_PLASTIC
SID0122,use,UNSPECIFIED
SID0123,type,COMMERCIAL_PLASTIC
SID0123,use,IDENTIFICATION
SID0124,type,COMMERCIAL_PLASTIC
SID0124,use,UNSPECIFIED
SID0125,type,NONE
SID0126,type,COMMERCIAL_PLASTIC
SID0126,use,RECOVERY
SID0127,type,COMMERCIAL_PLASTIC
SID0127,use,UNSPECIFIED
SID0131,type,COMMERCIAL_PLASTIC
SID0131,use,UNSPECIFIED
SID0132,type,COMMERCIAL_PLASTIC
SID0132,use,UNSPECIFIED
SID0134,type,COMMERCIAL_PLASTIC
SID0134,use,RECOVERY
SID0136,type,COMMERCIAL_PLASTIC
SID0136,use,RECOVERY
SID0137,type,COMMERCIAL_PLASTIC
SID0137,use,IDENTIFICATION
SID0138,type,NONE
SID0139,type,NONE
SID0140,type,LAB_MADE
SID0140,type,COMMERCIAL_PLASTIC
SID0140,use,RECOVERY
SID0141,type,COMMERCIAL_PLASTIC
SID0141,use,IDENTIFICATION
SID0143,type,COMMERCIAL_PLASTIC
SID0143,use,UNSPECIFIED
SID0144,type,NONE
SID0145,type,NOT_PLASTIC
SID0145,use,NON_MNP
SID0146,type,NONE
SID0147,type,NONE
SID0148,type,COMMERCIAL_PLASTIC
SID0148,use,CALIBRATION
SID0148,use,RECOVERY
SID0149,type,COMMERCIAL_PLASTIC
SID0149,use,QC_CHECK
SID0150,type,NONE
SID0151,type,NONE
SID0152,type,COMMERCIAL_PLASTIC
SID0152,use,CALIBRATION
SID0153,type,NONE
SID0155,type,NONE
SID0156,type,NONE
SID0157,type,NONE
SID0158,type,NONE
SID0159,type,NONE
SID0160,type,NONE
SID0161,type,NONE
SID0162,type,NONE
SID0180,type,LAB_MADE
SID0180,type,COMMERCIAL_PLASTIC
SID0180,use,NON_MNP
SID0183,type,COMMERCIAL_PLASTIC
SID0183,use,QC_CHECK
SID0183,use,SIZE_REFERENCE
SID0190,type,COMMERCIAL_PLASTIC
SID0190,use,UNSPECIFIED
SID0200,type,COMMERCIAL_PLASTIC
SID0200,use,IDENTIFICATION
SID0206,type,COMMERCIAL_PLASTIC
SID0206,use,QC_CHECK
SID0210,type,COMMERCIAL_PLASTIC
SID0210,use,QC_CHECK
SID0213,type,COMMERCIAL_PLASTIC
SID0213,use,QC_CHECK
SID0214,type,CRM_PLASTIC
SID0214,use,IDENTIFICATION
SID0228,type,MS_CALIBRATION
SID0228,type,NOT_PLASTIC
SID0228,use,INSTRUMENT
SID0231,type,COMMERCIAL_PLASTIC
SID0231,use,CALIBRATION
SID0232,type,NOT_PLASTIC
SID0232,type,COMMERCIAL_PLASTIC
SID0232,use,UNSPECIFIED
SID0234,type,COMMERCIAL_PLASTIC
SID0234,use,UNSPECIFIED
SID0236,type,NOT_PLASTIC
SID0236,use,NON_MNP
SID0237,type,COMMERCIAL_PLASTIC
SID0237,use,IDENTIFICATION
SID0242,type,NOT_PLASTIC
SID0242,use,NON_MNP
SID0255,type,COMMERCIAL_PLASTIC
SID0255,use,CALIBRATION
SID0255,use,IDENTIFICATION
SID0261,type,NOT_PLASTIC
SID0261,use,RECOVERY
SID0262,type,COMMERCIAL_PLASTIC
SID0262,use,IDENTIFICATION
SID0263,type,MS_CALIBRATION
SID0263,type,COMMERCIAL_PLASTIC
SID0263,use,CALIBRATION
SID0264,type,MS_CALIBRATION
SID0264,type,COMMERCIAL_PLASTIC
SID0264,use,CALIBRATION
SID0265,type,COMMERCIAL_PLASTIC
SID0265,use,RECOVERY
SID0268,type,COMMERCIAL_PLASTIC
SID0268,use,UNSPECIFIED
SID0270,type,COMMERCIAL_PLASTIC
SID0270,use,QC_CHECK
SID0274,type,MS_CALIBRATION
SID0274,use,CALIBRATION
SID0281,type,LAB_MADE
SID0281,use,UNSPECIFIED
SID0282,type,CRM_PLASTIC
SID0282,type,COMMERCIAL_PLASTIC
SID0282,use,CALIBRATION
SID0296,type,MS_CALIBRATION
SID0296,type,COMMERCIAL_PLASTIC
SID0296,use,CALIBRATION
SID0298,type,COMMERCIAL_PLASTIC
SID0298,use,QC_CHECK
SID0312,type,MS_CALIBRATION
SID0312,use,CALIBRATION
SID0322,type,MS_CALIBRATION
SID0322,use,QC_CHECK
SID0324,type,MS_CALIBRATION
SID0324,type,COMMERCIAL_PLASTIC
SID0324,use,QC_CHECK
SID0328,type,MS_CALIBRATION
SID0328,type,COMMERCIAL_PLASTIC
SID0328,use,QC_CHECK
SID0338,type,MS_CALIBRATION
SID0338,type,COMMERCIAL_PLASTIC
SID0338,use,QC_CHECK
SID0353,type,COMMERCIAL_PLASTIC
SID0353,use,QC_CHECK
SID0355,type,MS_CALIBRATION
SID0355,type,COMMERCIAL_PLASTIC
SID0355,use,QC_CHECK
SID0355,use,IDENTIFICATION
SID0376,type,COMMERCIAL_PLASTIC
SID0376,use,QC_CHECK
SID0012,type,NOT_PLASTIC
SID0012,use,NON_MNP
SID0033,type,NOT_PLASTIC
SID0033,use,SIZE_REFERENCE
SID0036,type,NOT_PLASTIC
SID0036,use,UNSPECIFIED
SID0064,type,NOT_PLASTIC
SID0064,use,NON_MNP
SID0067,type,NOT_PLASTIC
SID0067,use,NON_MNP
SID0098,type,MS_CALIBRATION
SID0098,type,LAB_MADE
SID0098,use,CALIBRATION
SID0099,type,NOT_PLASTIC
SID0099,type,COMMERCIAL_PLASTIC
SID0099,use,INSTRUMENT
SID0100,type,COMMERCIAL_PLASTIC
SID0100,use,CALIBRATION
SID0105,type,COMMERCIAL_PLASTIC
SID0105,use,UNSPECIFIED
SID0107,type,LAB_MADE
SID0107,type,COMMERCIAL_PLASTIC
SID0107,use,UNSPECIFIED
SID0110,type,COMMERCIAL_PLASTIC
SID0110,use,UNSPECIFIED
SID0111,type,NOT_PLASTIC
SID0111,type,COMMERCIAL_PLASTIC
SID0111,use,INSTRUMENT
SID0117,type,COMMERCIAL_PLASTIC
SID0117,use,UNSPECIFIED
SID0128,type,LAB_MADE
SID0128,type,COMMERCIAL_PLASTIC
SID0128,use,UNSPECIFIED
SID0142,type,COMMERCIAL_PLASTIC
SID0142,use,UNSPECIFIED
SID0154,type,COMMERCIAL_PLASTIC
SID0154,use,UNSPECIFIED
SID0163,type,COMMERCIAL_PLASTIC
SID0163,use,UNSPECIFIED
SID0164,type,COMMERCIAL_PLASTIC
SID0164,use,UNSPECIFIED
SID0177,type,NOT_PLASTIC
SID0177,use,INSTRUMENT
SID0177,use,SIZE_REFERENCE
SID0179,type,NOT_PLASTIC
SID0179,use,CALIBRATION
SID0186,type,NOT_PLASTIC
SID0186,use,INSTRUMENT
SID0215,type,NOT_PLASTIC
SID0215,use,INSTRUMENT
SID0217,type,COMMERCIAL_PLASTIC
SID0217,use,SIZE_REFERENCE
SID0226,type,COMMERCIAL_PLASTIC
SID0226,use,UNSPECIFIED
SID0229,type,COMMERCIAL_PLASTIC
SID0229,use,QC_CHECK
SID0229,use,SIZE_REFERENCE
SID0254,type,COMMERCIAL_PLASTIC
SID0254,use,UNSPECIFIED
