span_id,study_id,span_type,lo,hi,unit,kind,label,open_end,basis,sd
SID0001-M01,SID0001,mass,52.62,225.23,µg/g,observed,Total in tissue (range),,unspecified,
SID0002-S01,SID0002,size,1,1,µm,operational,Fluorescence >1 µm,right,,
SID0002-S02,SID0002,size,20,20,µm,operational,ATR-FTIR detection limit,,,
SID0002-M01,SID0002,mass,6.5,685,µg/g,observed,Total in placenta,,wet,
SID0003-S01,SID0003,size,20,500,µm,observed,LDIR,,,
SID0003-M01,SID0003,mass,14.9,221.8,µg/g,observed,IS,,unspecified,
SID0003-M02,SID0003,mass,49.3,234.3,µg/g,observed,MI,,unspecified,
SID0003-M03,SID0003,mass,23.8,94.2,µg/g,observed,DVT PA66,,unspecified,
SID0004-S01,SID0004,size,1.21,261.7,µm,observed,Nile Red candidates,,,
SID0004-S02,SID0004,size,3.135,117.911,µm,observed,Raman-confirmed,,,
SID0005-S01,SID0005,size,2.0,6.0,µm,observed,Reported range,,,
SID0007-S01,SID0007,size,10,10,µm,reference,Nominal diameter; CV 10%,,,
SID0007-M01,SID0007,mass,2.3,7.91,µg/individual,observed,No food (fasting),,unspecified,
SID0007-M02,SID0007,mass,2.3,3.68,µg/individual,observed,Chlorella odor,,unspecified,
SID0007-M03,SID0007,mass,0.0996,0.216,µg/individual,observed,Chlorella,,unspecified,
SID0008-S01,SID0008,size,50,300,µm,reference,Fish exposure material,,,
SID0009-M01,SID0009,mass,118.45,350.6,µg/g,observed,Total,,unspecified,
SID0010-S01,SID0010,size,2.22,48.74,µm,observed,Placenta,,,
SID0010-S02,SID0010,size,1.64,52.6,µm,observed,Umbilical cord,,,
SID0011-S01,SID0011,size,0.2,0.2,µm,reference,PS in mouse placenta model,,,
SID0011-S02,SID0011,size,0.1,0.1,µm,reference,PS standard,,,
SID0011-M01,SID0011,mass,2.04,2.04,µg/sample,summary,3.66 mg placental tissue piece,,unspecified,
SID0013-S01,SID0013,size,0.94,5.73,µm,observed,Reported range,,,
SID0014-S01,SID0014,size,44,4361,µm,observed,Fragments,,,
SID0014-S02,SID0014,size,198,10032,µm,observed,Fibers,,,
SID0015-S01,SID0015,size,10,1000,µm,operational,Target size fractions,,,
SID0015-M01,SID0015,mass,1.2,6814.7,µg/g,observed,Total polymers,,dry,
SID0016-S01,SID0016,size,2.4,298.1,µm,reference,Starting materials; pooled polymer range,,,
SID0018-S01,SID0018,size,0.3,0.7,µm,operational,Filtration fraction,,,
SID0018-S02,SID0018,size,0.7,0.7,µm,operational,>0.7 fraction,right,,
SID0019-S01,SID0019,size,0.2,25,µm,operational,Py-GC/MS size fractions,,,
SID0019-S02,SID0019,size,57,278,µm,observed,µFTIR observations,,,
SID0019-M01,SID0019,mass,0.129,4.853,µg/g,observed,Total; converted ng/g → µg/g,,dry,
SID0020-M01,SID0020,mass,2,12,µg/g,observed,Approximate total,,dry,
SID0021-S01,SID0021,size,16.7,5000,µm,observed,Upper bound >5 mm; exact value unknown,right,,
SID0022-S01,SID0022,size,0.7,500,µm,operational,No individual-particle sizing,,,
SID0022-M01,SID0022,mass,105,7780,µg/g,observed,Total,,dry,
SID0024-S01,SID0024,size,0.7,5,µm,reference,Exposure microspheres,,,
SID0024-S02,SID0024,size,1,3,µm,observed,Microspheres detected in bone,,,
SID0024-S03,SID0024,size,2,5,µm,operational,Tissue analysis acceptance window,,,
SID0026-S01,SID0026,size,3,165,µm,observed,All reported particles,,,
SID0027-S01,SID0027,size,300.0,5000.0,µm,observed,Reported range,,,
SID0028-S01,SID0028,size,1000,1000,µm,operational,>1000 inclusion threshold,right,,
SID0028-S02,SID0028,size,5450,5450,µm,observed,Large fragment,,,
SID0028-S03,SID0028,size,6240,6240,µm,observed,Large fragment,,,
SID0029-S01,SID0029,size,12.7,145.1,µm,observed,Raman-positive particles in saliva,,,
SID0030-S01,SID0030,size,4.0,27.0,µm,observed,Reported range,,,
SID0031-S01,SID0031,size,360,890,µm,summary,Range of lagoon mean sizes; not particle min–max,,,
SID0032-M01,SID0032,mass,200,500,µg/g,observed,Sea trout; converted mg/g → µg/g,,dry,
SID0032-M02,SID0032,mass,7400,22600,µg/g,observed,Oyster; converted mg/g → µg/g,,unspecified,
SID0032-M03,SID0032,mass,600,19100,µg/g,observed,Tuna; converted mg/g → µg/g,,unspecified,
SID0034-S01,SID0034,size,34.4,1814.3,µm,observed,Reported range,,,
SID0035-S01,SID0035,size,120,15000,µm,observed,All tissues; converted from mm,,,
SID0037-S01,SID0037,size,16.67,16.67,µm,observed,Suspected subepithelial particle,,,
SID0037-S02,SID0037,size,19.69,19.69,µm,observed,Suspected subepithelial particle,,,
SID0037-S03,SID0037,size,158.78,158.78,µm,observed,Rayon fiber length; not synthetic plastic,,,
SID0038-S01,SID0038,size,30.0,5802.0,µm,observed,Reported range,,,
SID0039-S01,SID0039,size,84.0,5000.0,µm,observed,Reported range,,,
SID0040-S01,SID0040,size,100,100,µm,operational,<0.1 mm size bin,left,,
SID0040-S02,SID0040,size,100,500,µm,operational,Size bin,,,
SID0040-S03,SID0040,size,500,1000,µm,operational,Size bin,,,
SID0040-S04,SID0040,size,1000,1000,µm,operational,>1 mm size bin,right,,
SID0041-S01,SID0041,size,2.5,26.0,µm,observed,Reported range,,,
SID0042-S01,SID0042,size,5000,5000,µm,operational,MP <5mm,left,,
SID0042-S02,SID0042,size,5000,5000,µm,operational,>5 mm category,right,,
SID0042-S03,SID0042,size,25000,25000,µm,operational,>25 mm category,right,,
SID0043-S01,SID0043,size,42.0,1917.0,µm,observed,Reported range,,,
SID0044-S01,SID0044,size,50.0,3000.0,µm,observed,Reported range,,,
SID0047-S01,SID0047,size,40.0,40990.0,µm,observed,Reported range,,,
SID0048-S01,SID0048,size,1000,1000,µm,operational,Target >1 mm; plastic identity unconfirmed,right,,
SID0049-S01,SID0049,size,50,5000,µm,operational,Exact observed extrema unspecified,,,
SID0050-S01,SID0050,size,74.0,4000.0,µm,observed,Reported range,,,
SID0051-S01,SID0051,size,2000,2000,µm,reference,PE/PP standards,,,
SID0051-S02,SID0051,size,3500,3500,µm,reference,PS standard,,,
SID0051-S03,SID0051,size,3000,5000,µm,reference,PET standard,,,
SID0052-S01,SID0052,size,30.0,5000.0,µm,observed,Reported range,,,
SID0054-S01,SID0054,size,5.1,5.1,µm,observed,Only confirmed LDPE; not all 87 particles,,,
SID0055-S01,SID0055,size,0.2,0.2,µm,operational,Most described as <200 nm; not established extrema,left,,
SID0055-M01,SID0055,mass,21700,21700,µg/g,summary,PE mean in positive samples; converted µg/mg → µg/g,,unspecified,24500
SID0055-M02,SID0055,mass,5200,5200,µg/g,summary,PVC mean in positive samples,,unspecified,2400
SID0056-S01,SID0056,size,500,500,µm,operational,<500 category,left,,
SID0056-S02,SID0056,size,500,5000,µm,operational,Optical size bins,,,
SID0056-S03,SID0056,size,1,1,µm,operational,Claimed Raman <1; exact value unspecified,left,,
SID0057-M01,SID0057,mass,10.1,102.7,µg/g,uncertain,Total (bracketed range); statistic type to be verified,,unspecified,
SID0057-M01,SID0057,mass_recovery_reported,90.65,90.65,%,observed,PS ion-group1,,,
SID0057-M02,SID0057,mass_recovery_reported,118.8,118.8,%,observed,PS ion-group2,,,
SID0057-M03,SID0057,mass_recovery_reported,102.6,102.6,%,observed,PE,,,
SID0057-M04,SID0057,mass_recovery_reported,86.62,86.62,%,observed,PP,,,
SID0057-M05,SID0057,mass_recovery_reported,94.84,94.84,%,observed,PMMA,,,
SID0057-M06,SID0057,mass_recovery_reported,114.98,114.98,%,observed,PVC,,,
SID0057-M07,SID0057,mass_recovery_reported,84.23,84.23,%,observed,PC,,,
SID0057-M08,SID0057,mass_recovery_reported,102.36,102.36,%,observed,PET,,,
SID0057-M09,SID0057,mass_recovery_reported,87.12,87.12,%,observed,PA6,,,
SID0057-M10,SID0057,mass_recovery_reported,95.9,95.9,%,observed,PA66,,,
SID0059-S01,SID0059,size,59.22,4834.48,µm,observed,Single measured dimension,,,
SID0059-S02,SID0059,size,40.67,40.67,µm,observed,Minimum width of two-dimensional flakes,,,
SID0060-S01,SID0060,size,500,4000,µm,operational,FTIR subset selection window,,,
SID0061-S01,SID0061,size,61,5000,µm,observed,Microplastics,,,
SID0061-S02,SID0061,size,5080,11000,µm,observed,Mesoplastics,,,
SID0062-S01,SID0062,size,20,100,µm,operational,Smallest size bin,,,
SID0062-S02,SID0062,size,101,500,µm,operational,Size bin,,,
SID0062-S03,SID0062,size,501,1000,µm,operational,Size bin,,,
SID0062-S04,SID0062,size,1000,1000,µm,operational,>1000 size bin,right,,
SID0063-S01,SID0063,size,11.23,22.46,µm,observed,Reported range,,,
SID0066-S01,SID0066,size,50,300,µm,observed,Dominant sizes; not the full range,,,
SID0068-S01,SID0068,size,25.0,45.0,µm,reference,Reported range,,,
SID0069-S01,SID0069,size,300,350,µm,reference,LDPE particles,,,
SID0069-S02,SID0069,size,3000,3000,µm,reference,Approximate punched-material size,,,
SID0069-M01,SID0069,mass_recovery_reported,100,100,%,observed,Single-step KOH/H2O2; most polymers; full assignment unavailable,,,
SID0069-M02,SID0069,mass_recovery_reported,96.9,96.9,%,observed,Single-step KOH: PET mass retention,,,
SID0069-M03,SID0069,mass_recovery_reported,99.3,99.3,%,observed,Single-step H2O2: PET mass retention,,,
SID0069-M04,SID0069,mass_recovery_reported,100,100,%,observed,Two-step treatment: LDPE mass retention,,,
SID0069-M05,SID0069,mass_recovery_reported,100,100,%,observed,Two-step treatment: HDPE mass retention,,,
SID0069-M06,SID0069,mass_recovery_reported,100,100,%,observed,Two-step treatment: PP mass retention,,,
SID0069-M07,SID0069,mass_recovery_reported,100,100,%,observed,Two-step treatment: PS mass retention,,,
SID0069-M08,SID0069,mass_recovery_reported,116.7,116.7,%,observed,Two-step treatment: EPS mass retention,,,
SID0069-M09,SID0069,mass_recovery_reported,99,99,%,observed,Two-step treatment: PVC mass retention,,,
SID0069-M10,SID0069,mass_recovery_reported,100.7,100.7,%,observed,Two-step treatment: PET mass retention,,,
SID0069-M11,SID0069,mass_recovery_reported,98.6,98.6,%,observed,Two-step treatment: PC mass retention,,,
SID0070-S01,SID0070,size,28.0,70.5,µm,observed,Reported range,,,
SID0071-S01,SID0071,size,36,974,µm,observed,C. punctatus muscle,,,
SID0071-S02,SID0071,size,86,1947,µm,observed,L. rohita muscle,,,
SID0071-S03,SID0071,size,108,1858,µm,observed,L. bata muscle,,,
SID0072-S01,SID0072,size,20.0,281.0,µm,observed,Reported range,,,
SID0073-S01,SID0073,size,500,500,µm,operational,<500 size bin,left,,
SID0073-S02,SID0073,size,500,1000,µm,operational,Size bin,,,
SID0073-S03,SID0073,size,1000,5000,µm,operational,Size bin,,,
SID0074-M01,SID0074,mass,124.1,362.8,µg/g,IQR,Total IQR (not min–max),,dry,
SID0075-S01,SID0075,size,2.9,34.5,µm,observed,Reported range,,,
SID0076-S01,SID0076,size,45.0,5000.0,µm,observed,Reported range,,,
SID0077-S01,SID0077,size,500,500,µm,operational,<500 size bin,left,,
SID0077-S02,SID0077,size,500,1000,µm,operational,Size bin,,,
SID0077-S03,SID0077,size,1000,3000,µm,operational,Size bin,,,
SID0077-S04,SID0077,size,3000,5000,µm,operational,Size bin,,,
SID0078-S01,SID0078,size,100,5000,µm,operational,Crab size bins; matrix-specific,,,
SID0079-S01,SID0079,size,110,5000,µm,observed,Overall,,,
SID0080-S01,SID0080,size,5.5,26.4,µm,observed,Particle length,,,
SID0080-S02,SID0080,size,3,25.4,µm,observed,Particle width,,,
SID0080-S03,SID0080,size,19,24.5,µm,observed,Fiber length,,,
SID0080-S04,SID0080,size,2.6,6,µm,observed,Fiber width / diameter,,,
SID0081-S01,SID0081,size,790.0,3700.0,µm,observed,Reported range,,,
SID0082-S01,SID0082,size,114,3969,µm,observed,Main range,,,
SID0082-S02,SID0082,size,13970,13970,µm,observed,One of two additional fibers,,,
SID0082-S03,SID0082,size,14810,14810,µm,observed,One of two additional fibers,,,
SID0083-S01,SID0083,size,100,100,µm,operational,<100,left,,
SID0083-S02,SID0083,size,100,5000,µm,operational,100 to <5000 size bin,,,
SID0084-S01,SID0084,size,148,11150,µm,observed,Fiber length,,,
SID0084-S02,SID0084,size,2,59.23,µm,observed,Fiber width,,,
SID0084-S03,SID0084,size,23,1399,µm,observed,Fragment diameter,,,
SID0085-S01,SID0085,size,1.6,40,µm,observed,Algal samples,,,
SID0086-S01,SID0086,size,100,100,µm,operational,>100 acceptance window,right,,
SID0088-S01,SID0088,size,500,500,µm,operational,<0.5 mm size bin,left,,
SID0088-S02,SID0088,size,500,5000,µm,operational,Size bin,,,
SID0088-S03,SID0088,size,5000,5000,µm,operational,>5mm,right,,
SID0089-S01,SID0089,size,69,2150,µm,observed,Fragments,,,
SID0089-S02,SID0089,size,190,5691,µm,observed,Fibers,,,
SID0090-S01,SID0090,size,800,4700,µm,observed,Microplastics,,,
SID0090-S02,SID0090,size,5200,13700,µm,observed,Mesoplastics,,,
SID0091-S01,SID0091,size,1.2,20,µm,observed,Claim only; sizing procedure and individual data unavailable,,,
SID0092-S01,SID0092,size,17.8,4640.0,µm,observed,Reported range,,,
SID0093-S01,SID0093,size,6.0,12930.0,µm,observed,Reported range,,,
SID0094-S01,SID0094,size,81.167,4480,µm,observed,Subadults,,,
SID0094-S02,SID0094,size,167.18,5693.96,µm,observed,Juveniles,,,
SID0095-S01,SID0095,size,100,5000,µm,operational,Overall size-bin boundaries,,,
SID0096-S01,SID0096,size,250,250,µm,operational,<250,left,,
SID0096-S02,SID0096,size,250,5000,µm,operational,Size bin,,,
SID0097-S01,SID0097,size,100,100,µm,operational,<100,left,,
SID0097-S02,SID0097,size,101,1000,µm,operational,Size bin,,,
SID0097-S03,SID0097,size,1000,1000,µm,operational,>1000,right,,
SID0101-S01,SID0101,size,100,5000,µm,operational,Inclusion window,,,
SID0102-S01,SID0102,size,21.0,4235.0,µm,observed,Reported range,,,
SID0103-S01,SID0103,size,20.0,5220.0,µm,observed,Reported range,,,
SID0104-S01,SID0104,size,300,1300,µm,observed,Confirmed non-fiber particles,,,
SID0106-S01,SID0106,size,18.0,72.0,µm,observed,Reported range,,,
SID0108-S01,SID0108,size,26,5000,µm,operational,Acceptance / size-bin range,,,
SID0109-S01,SID0109,size,0.45,1.2,µm,operational,Size fraction,,,
SID0109-S02,SID0109,size,1.2,3,µm,operational,Size fraction,,,
SID0109-S03,SID0109,size,3,3,µm,operational,≥3 fraction,right,,
SID0112-S01,SID0112,size,0.7,514,µm,operational,Defined by pore / needle size; not directly measured,,,
SID0112-M01,SID0112,mass,1.6,1.6,µg/mL,summary,Mean sum of quantifiable polymers,,unspecified,2.3
SID0114-M01,SID0114,mass,45,317,µg/g,observed,PE concentration,,dry,
SID0115-S01,SID0115,size,20,5000,µm,operational,Size bins; upper bound ≥5 mm,right,,
SID0116-S01,SID0116,size,0.7,0.7,µm,operational,≥0.7 filtration boundary; not directly measured,right,,
SID0116-M01,SID0116,mass,1.48,1.48,µg/g,summary,Reported maximum; lower end < LOD not set to 0,,wet,
SID0118-S01,SID0118,size,0.05,0.5,µm,reference,Model particles,,,
SID0119-S01,SID0119,size,1.3,93.9,µm,observed,Reported range,,,
SID0121-S01,SID0121,size,1.57,1.57,µm,reference,Smallest tested material; other endpoint unknown,,,
SID0122-S01,SID0122,size,1,1,µm,reference,Nominal PS size,,,
SID0122-S02,SID0122,size,5,5,µm,reference,Nominal PS size,,,
SID0124-S01,SID0124,size,4,250,µm,reference,Material stability sizes; not full-process recovery window,,,
SID0125-S01,SID0125,size,0.32,33.32,µm,observed,Reported range,,,
SID0126-S01,SID0126,size,2.6,1291.0,µm,observed,Reported range,,,
SID0127-S01,SID0127,size,50,50,µm,operational,<50 size bin,left,,
SID0127-S02,SID0127,size,50,1000,µm,operational,Size bin,,,
SID0129-S01,SID0129,size,100,100,µm,operational,<100,left,,
SID0129-S02,SID0129,size,100,1000,µm,operational,Size bin,,,
SID0129-S03,SID0129,size,1000,1000,µm,operational,>1000,right,,
SID0130-S01,SID0130,size,500,500,µm,operational,<500,left,,
SID0130-S02,SID0130,size,500,5000,µm,operational,Size bin,,,
SID0131-M01,SID0131,mass,4.35,4.35,µg/mL,summary,Total geometric mean,,unspecified,
SID0131-M02,SID0131,mass,3.86,3.86,µg/mL,summary,Total median,,unspecified,
SID0131-M01,SID0131,mass_recovery_reported,102.03,102.03,%,observed,PA6,,,
SID0131-M02,SID0131,mass_recovery_reported,107.33,107.33,%,observed,PA66,,,
SID0131-M03,SID0131,mass_recovery_reported,105.2,105.2,%,observed,PE,,,
SID0131-M04,SID0131,mass_recovery_reported,83.99,83.99,%,observed,PVC,,,
SID0131-M05,SID0131,mass_recovery_reported,93.8,93.8,%,observed,PS,,,
SID0131-M06,SID0131,mass_recovery_reported,106.47,106.47,%,observed,PP,,,
SID0131-M07,SID0131,mass_recovery_reported,91.75,91.75,%,observed,PMMA,,,
SID0131-M08,SID0131,mass_recovery_reported,81.99,81.99,%,observed,PET,,,
SID0131-M09,SID0131,mass_recovery_reported,98.87,98.87,%,observed,PC,,,
SID0132-S01,SID0132,size,5000,5000,µm,reference,Test material <5 mm; lower bound unknown,left,,
SID0133-S01,SID0133,size,60.0,5210.0,µm,observed,Reported range,,,
SID0134-S01,SID0134,size,63.59,638.71,µm,observed,Reported range,,,
SID0135-S01,SID0135,size,8,200,µm,observed,Fibers in eggs,,,
SID0135-S02,SID0135,size,20,1000,µm,operational,Organ size bins,,,
SID0135-S03,SID0135,size,1000,1000,µm,operational,Organ >1000 category,right,,
SID0136-S01,SID0136,size,48.0,4957.0,µm,observed,Reported range,,,
SID0137-S01,SID0137,size,2,12,µm,observed,Polymer-confirmed particles,,,
SID0139-S01,SID0139,size,40,30000,µm,observed,Includes material >5 mm,,,
SID0140-S01,SID0140,size,0.7,514,µm,operational,Defined by filtration / needle size; not measured,,,
SID0140-M01,SID0140,mass,0.2014,0.8797,µg/mL,observed,Total range after imputation; converted ng/mL → µg/mL,,unspecified,
SID0140-M01,SID0140,mass_recovery_reported,82,82,%,observed,PVC recovery; 52–102% marker QC excluded from polymer recovery,,,
SID0141-S01,SID0141,size,200,200,µm,operational,<200,left,,
SID0141-S02,SID0141,size,200,1000,µm,operational,Size bin,,,
SID0141-S03,SID0141,size,1000,1000,µm,operational,>1000,right,,
SID0143-S01,SID0143,size,50,50,µm,reference,Smallest recovery standard; no environmental particles detected,,,
SID0144-S01,SID0144,size,100,1000,µm,operational,Inconsistent range; includes >1 mm category,,,
SID0145-S01,SID0145,size,68.05,2152.24,µm,observed,Particles sized by µFTIR,,,
SID0145-S02,SID0145,size,2870,2870,µm,observed,SEM fiber length,,,
SID0146-S01,SID0146,size,4.0,15.0,µm,observed,Reported range,,,
SID0147-S01,SID0147,size,500,500,µm,operational,<500,left,,
SID0147-S02,SID0147,size,500,5000,µm,operational,Size bin,,,
SID0148-S01,SID0148,size,20.0,186.0,µm,observed,Reported range,,,
SID0148-M01,SID0148,mass,7,7,µg/g,estimated,Mass estimated from size (Q ≥ 0.75),,unspecified,
SID0148-M02,SID0148,mass,2,2,µg/g,estimated,Mass estimated from size (Q ≥ 0.85),,unspecified,
SID0148-M03,SID0148,mass,1,1,µg/g,estimated,Mass estimated from size (Q ≥ 0.90),,unspecified,
SID0149-S01,SID0149,size,63,63,µm,observed,Minimum <63; exact lower bound unknown,left,,
SID0149-S02,SID0149,size,7346.4,7346.4,µm,observed,Maximum,,,
SID0150-S01,SID0150,size,5,100,µm,operational,Size bin,,,
SID0150-S02,SID0150,size,100,100,µm,operational,>100,right,,
SID0151-S01,SID0151,size,25,5000,µm,observed,Overall reported range,,,
SID0152-S01,SID0152,size,50,5000,µm,operational,Visual size bins,,,
SID0153-S01,SID0153,size,159,4915,µm,observed,Microplastics,,,
SID0153-S02,SID0153,size,5031,13069,µm,observed,Mesoplastics,,,
SID0155-S01,SID0155,size,1.0,15.0,µm,observed,Reported range,,,
SID0156-S01,SID0156,size,70,2150,µm,observed,Particle length,,,
SID0156-S02,SID0156,size,120,4190,µm,observed,Fiber length,,,
SID0157-S01,SID0157,size,30,1312,µm,observed,Lung,,,
SID0157-S02,SID0157,size,24,1119,µm,observed,Gut contents,,,
SID0158-S01,SID0158,size,16,4670,µm,observed,Overall,,,
SID0159-S01,SID0159,size,15.0,500.0,µm,observed,Reported range,,,
SID0160-S01,SID0160,size,100,100,µm,operational,<100,left,,
SID0160-S02,SID0160,size,101,1000,µm,operational,Size bin,,,
SID0160-S03,SID0160,size,1000,1000,µm,operational,>1000,right,,
SID0161-S01,SID0161,size,40.0,4940.0,µm,observed,Reported range,,,
SID0162-S01,SID0162,size,2,3619,µm,observed,Maximum length,,,
SID0162-S02,SID0162,size,0.477,1757.5,µm,observed,Maximum width,,,
SID0167-S01,SID0167,size,200.0,4900.0,µm,observed,Reported range,,,
SID0169-S01,SID0169,size,2.93,2.93,µm,summary,ICP-derived mean diameter,,,
SID0169-S02,SID0169,size,2.97,2.97,µm,summary,STEM mean diameter,,,
SID0170-S01,SID0170,size,20,500,µm,operational,LDIR acceptance range,,,
SID0171-S01,SID0171,size,0.89,6455.91,µm,observed,Reported range,,,
SID0172-S01,SID0172,size,500,500,µm,operational,<500,left,,
SID0172-S02,SID0172,size,500,5000,µm,operational,Size bin,,,
SID0173-S01,SID0173,size,1.2,1.2,µm,observed,Figure-caption value,,,
SID0173-S02,SID0173,size,1.3,1.3,µm,observed,Figure-caption value,,,
SID0173-S03,SID0173,size,1.5,1.5,µm,observed,Figure-caption value,,,
SID0174-S01,SID0174,size,50,5000,µm,operational,Three operational fractions,,,
SID0175-S01,SID0175,size,500.0,4000.0,µm,observed,Reported range,,,
SID0176-S01,SID0176,size,500,500,µm,observed,Only <500 specified,left,,
SID0178-S01,SID0178,size,50.0,4400.0,µm,observed,Reported range,,,
SID0180-S01,SID0180,size,279.0,4657.0,µm,observed,Reported range,,,
SID0181-S01,SID0181,size,1000,5000,µm,operational,Four size bins,,,
SID0182-S01,SID0182,size,5,5000,µm,operational,Size bins,,,
SID0183-S01,SID0183,size,30,4000,µm,observed,All measured objects,,,
SID0183-S02,SID0183,size,150,1500,µm,observed,Raman fibers,,,
SID0183-S03,SID0183,size,50,1000,µm,observed,Raman fragments,,,
SID0184-S01,SID0184,size,300.0,5000.0,µm,observed,Reported range,,,
SID0185-S01,SID0185,size,10.0,9080.0,µm,observed,Reported range,,,
SID0187-S01,SID0187,size,19.0,1000.0,µm,observed,Reported range,,,
SID0188-S01,SID0188,size,100,5000,µm,operational,Three fractions,,,
SID0189-S01,SID0189,size,28.86,4993.24,µm,observed,Reported range,,,
SID0190-S01,SID0190,size,0.097,0.097,µm,reference,Mean PS nanosphere diameter,,,
SID0190-S02,SID0190,size,500,500,µm,reference,Approximate larger microplastic standard size,,,
SID0191-S01,SID0191,size,50,500,µm,operational,Three fractions,,,
SID0192-S01,SID0192,size,50,50,µm,operational,Coral: <50 excluded,right,,
SID0193-S01,SID0193,size,100,5000,µm,observed,Upper bound >5000; exact value unknown,right,,
SID0195-S01,SID0195,size,100,100,µm,operational,Sieving size,,,
SID0195-S02,SID0195,size,120,120,µm,operational,Sieving size,,,
SID0195-S03,SID0195,size,170,170,µm,operational,Sieving size,,,
SID0196-S01,SID0196,size,300.0,6000.0,µm,observed,Reported range,,,
SID0197-S01,SID0197,size,11.66,728.66,µm,observed,Detailed results; abstract range differs,,,
SID0198-S01,SID0198,size,102.0,5000.0,µm,observed,Reported range,,,
SID0199-S01,SID0199,size,1000,5000,µm,observed,Field seafood samples,,,
SID0199-S02,SID0199,size,10,90,µm,reference,Experimental PE,,,
SID0200-S01,SID0200,size,20,1000,µm,observed,Fiber length,,,
SID0200-S02,SID0200,size,10,75,µm,observed,Fiber diameter,,,
SID0200-S03,SID0200,size,800,800,µm,observed,Representative PA fragment length,,,
SID0202-S01,SID0202,size,2.0,5000.0,µm,observed,Reported range,,,
SID0203-S01,SID0203,size,1000,5000,µm,operational,Visually measured range,,,
SID0204-S01,SID0204,size,25,360,µm,observed,Field particles,,,
SID0204-S02,SID0204,size,125,125,µm,reference,Nominal exposure material size,,,
SID0205-S01,SID0205,size,160.0,2450.0,µm,observed,Reported range,,,
SID0206-S01,SID0206,size,25,3000,µm,observed,Upper bound >3000; exact value unknown,right,,
SID0209-S01,SID0209,size,6.4,41,µm,observed,PS in sperm samples,,,
SID0209-S02,SID0209,size,4.1,560,µm,observed,Simulated release experiment,,,
SID0210-S01,SID0210,size,1,1,µm,reference,PS microspheres,,,
SID0210-S02,SID0210,size,256.9,256.9,µm,observed,PP fibers in natural samples,,,
SID0210-S03,SID0210,size,492.6,492.6,µm,observed,PE fibers in natural samples,,,
SID0211-S01,SID0211,size,35,1020,µm,observed,Optical length,,,
SID0211-S02,SID0211,size,20,283,µm,observed,Optical width,,,
SID0211-S03,SID0211,size,1,1,µm,operational,TEM <1 category; exact size unspecified,left,,
SID0212-S01,SID0212,size,970,970,µm,summary,Mean length in diseased sponges,,,
SID0212-S02,SID0212,size,1210,1210,µm,summary,Mean length in healthy sponges,,,
SID0213-S01,SID0213,size,12.0,5700.0,µm,observed,Reported range,,,
SID0214-S01,SID0214,size,137.5,4896,µm,reference,Prepared HDPE,,,
SID0214-S02,SID0214,size,228.1,1985.4,µm,observed,Detected blue HDPE,,,
SID0214-S03,SID0214,size,280.3,2336.7,µm,observed,Detected pink HDPE,,,
SID0216-S01,SID0216,size,33.0,4860.0,µm,observed,Reported range,,,
SID0218-S01,SID0218,size,1.6,5.56,µm,observed,Fragments; includes natural polymers,,,
SID0218-S02,SID0218,size,8.12,16.8,µm,observed,Fibers; includes natural polymers,,,
SID0219-S01,SID0219,size,100.0,3500.0,µm,observed,Reported range,,,
SID0220-S01,SID0220,size,140.0,9960.0,µm,observed,Reported range,,,
SID0221-S01,SID0221,size,4.0,149.0,µm,observed,Reported range,,,
SID0222-S01,SID0222,size,3400.0,158000.0,µm,observed,Reported range,,,
SID0223-S01,SID0223,size,110.0,72000.0,µm,observed,Reported range,,,
SID0224-S01,SID0224,size,34.0,5016.0,µm,observed,Reported range,,,
SID0225-S01,SID0225,size,20,500,µm,operational,LDIR acceptance window,,,
SID0227-S01,SID0227,size,60.0,10530.0,µm,observed,Reported range,,,
SID0228-S01,SID0228,size,500,500,µm,operational,<500,left,,
SID0228-S02,SID0228,size,500,1500,µm,operational,Size bin,,,
SID0228-S03,SID0228,size,1500,1500,µm,operational,>1500,right,,
SID0230-S01,SID0230,size,1095,1095,µm,summary,Mean fiber length,,,
SID0230-S02,SID0230,size,130.9,130.9,µm,summary,Mean fragment width,,,
SID0231-S01,SID0231,size,5,500,µm,reference,Exposure PET,,,
SID0231-S02,SID0231,size,117,117,µm,summary,Mean length of detected PET,,,
SID0231-S03,SID0231,size,82,82,µm,summary,Mean width of detected PET,,,
SID0231-S04,SID0231,size,3462,3462,µm,observed,Fibers,,,
SID0231-S05,SID0231,size,3861,3861,µm,observed,Fibers,,,
SID0232-S01,SID0232,size,63,3000,µm,reference,Validation material,,,
SID0233-S01,SID0233,size,2,36,µm,observed,Fiber diameter,,,
SID0233-S02,SID0233,size,500,6000,µm,observed,Fiber length,,,
SID0234-S01,SID0234,size,30,80,µm,reference,Standards; tissue particles not sized,,,
SID0234-M01,SID0234,mass,0.16,1.71,µg/g,observed,Result by polymer / site; mg/kg = µg/g,,dry,
SID0235-S01,SID0235,size,12.0,5000.0,µm,observed,Reported range,,,
SID0236-S01,SID0236,size,20,5000,µm,operational,Classification window,,,
SID0236-S02,SID0236,size,46,1483,µm,observed,Raman subset,,,
SID0238-S01,SID0238,size,100.0,42000.0,µm,observed,Reported range,,,
SID0239-S01,SID0239,size,210,5020,µm,observed,Microplastic range; additional larger particles,,,
SID0240-S01,SID0240,size,22.0,4900.0,µm,observed,Reported range,,,
SID0241-S01,SID0241,size,25,25,µm,operational,≤25 size bin,left,,
SID0241-S02,SID0241,size,1000,2000,µm,operational,Highest size bin,,,
SID0241-M01,SID0241,mass,1.67,302.09,µg/g,estimated,Pooled-species combustion estimate; mg/kg = µg/g,,unspecified,
SID0242-S01,SID0242,size,50,50,µm,operational,<50,left,,
SID0242-S02,SID0242,size,5000,5000,µm,operational,>5000,right,,
SID0244-S01,SID0244,size,1630,1630,µm,observed,Confirmed PET fiber length,,,
SID0244-S02,SID0244,size,10,10,µm,observed,Width of the same fiber,,,
SID0245-S01,SID0245,size,13.0,8000.0,µm,observed,Reported range,,,
SID0246-S01,SID0246,size,10.0,5000.0,µm,observed,Reported range,,,
SID0247-S01,SID0247,size,63,600,µm,reference,Sieved fragments; other shape sizes unknown,,,
SID0248-S01,SID0248,size,5,50,µm,reference,PA6 standard,,,
SID0248-S02,SID0248,size,40,48,µm,reference,PE standard,,,
SID0248-M01,SID0248,mass,760,760,µg/g,summary,PA mean in PA group; converted mg/g → µg/g,,unspecified,170
SID0248-M02,SID0248,mass,660,660,µg/g,summary,PE mean in PE group; converted mg/g → µg/g,,unspecified,60
SID0248-M03,SID0248,mass,330,330,µg/g,summary,PA mean in mixed group; converted mg/g → µg/g,,unspecified,90
SID0248-M04,SID0248,mass,420,420,µg/g,summary,PE mean in mixed group; converted mg/g → µg/g,,unspecified,10
SID0249-S01,SID0249,size,5.0,3000.0,µm,observed,Reported range,,,
SID0249-M01,SID0249,mass,0.66,0.66,µg/mL,estimated,Mean polymer mass estimated from size,,unspecified,0.87
SID0250-S01,SID0250,size,100.0,5000.0,µm,observed,Reported range,,,
SID0251-S01,SID0251,size,50.0,6000.0,µm,observed,Reported range,,,
SID0252-S01,SID0252,size,500,500,µm,operational,<500,left,,
SID0252-S02,SID0252,size,500,5000,µm,operational,Size bin,,,
SID0253-S01,SID0253,size,20,500,µm,operational,Clinical LDIR window,,,
SID0255-S01,SID0255,size,24.4,1387.0,µm,observed,Reported range,,,
SID0256-S01,SID0256,size,9.86,996.75,µm,observed,Zooplankton,,,
SID0256-S02,SID0256,size,350,44990,µm,observed,Seawater,,,
SID0258-S01,SID0258,size,8.21,953.0,µm,observed,Reported range,,,
SID0006-S01,SID0006,size,0.2,0.21,µm,reference,Reported range,,,
SID0012-S01,SID0012,size,0.0272,0.0498,µm,reference,TEM; nominal 50 nm,,,
SID0012-S02,SID0012,size,0.062,0.0981,µm,reference,TEM; nominal 80 nm,,,
SID0012-M01,SID0012,mass,606.3,606.3,µg/g,summary,"Hydroponic root, low dose",,unspecified,
SID0012-M02,SID0012,mass,3406.3,3406.3,µg/g,summary,"Hydroponic root, high dose",,unspecified,
SID0012-M03,SID0012,mass,1.53,1.53,µg/g,summary,"Hydroponic shoot, low dose",,unspecified,
SID0012-M04,SID0012,mass,13.8,13.8,µg/g,summary,"Hydroponic shoot, high dose",,unspecified,
SID0012-M05,SID0012,mass,4.1,4.1,µg/g,summary,"Soil-grown root, low dose",,unspecified,
SID0012-M06,SID0012,mass,22.5,22.5,µg/g,summary,"Soil-grown root, high dose",,unspecified,
SID0017-S01,SID0017,size,20,27,µm,reference,Model material,,,
SID0017-S02,SID0017,size,47,51,µm,reference,Model material,,,
SID0023-S01,SID0023,size,275,275,µm,reference,Initial nominal mean ±25 µm; not min–max,,,
SID0025-S01,SID0025,size,0.2,0.3,µm,reference,PET200,,,
SID0025-S02,SID0025,size,0.8,1,µm,reference,PET900,,,
SID0025-S03,SID0025,size,2.3,2.7,µm,reference,PET2500,,,
SID0025-M01,SID0025,mass,60.64,60.64,µg/g,summary,PET200 peak mean,,unspecified,0.65
SID0025-M02,SID0025,mass,38.98,38.98,µg/g,summary,PET900 peak mean,,unspecified,12.58
SID0033-S01,SID0033,size,0.054,0.054,µm,reference,Pd-NPs SEM,,,
SID0033-S02,SID0033,size,0.24,0.24,µm,reference,bottom-up PS,,,
SID0033-S03,SID0033,size,0.514,1.237,µm,summary,Top-down material: range of mean hydrodynamic diameters,,,
SID0033-S04,SID0033,size,2,2,µm,reference,PS standard,,,
SID0033-S05,SID0033,size,5,5,µm,reference,PS standard,,,
SID0033-M01,SID0033,mass,13.13,13.13,µg/g,estimated,Root mean; estimated from metal label,,unspecified,2.06
SID0033-M02,SID0033,mass,9.49,9.49,µg/g,estimated,Shoot mean; estimated from metal label,,unspecified,0.56
SID0036-S01,SID0036,size,80,355,µm,reference,Experimental sieved material,,,
SID0053-S01,SID0053,size,1,1,µm,reference,Nominal microspheres,,,
SID0058-S01,SID0058,size,380,5076,µm,observed,Width extrema,,,
SID0058-S02,SID0058,size,3128,4956,µm,observed,Length extrema,,,
SID0064-S01,SID0064,size,0.04904,0.04904,µm,reference,DLS of PS exposure suspension,,,
SID0064-S02,SID0064,size,0.05002,0.05002,µm,reference,DLS of PS + Pb exposure suspension,,,
SID0064-M01,SID0064,mass,401,401,µg/g,summary,"PS, high dose",,dry,18.09
SID0064-M02,SID0064,mass,350.13,350.13,µg/g,summary,"PS + Pb, high dose",,dry,40.37
SID0064-M03,SID0064,mass,275.19,275.19,µg/g,summary,"Pb-preloaded PS, high dose",,dry,22.77
SID0064-M01,SID0064,mass_recovery_reported,36.57,108.34,%,observed,All spike loads; lower recovery at 0.017 µg spike,,,
SID0064-M02,SID0064,mass_recovery_reported,89.5,89.5,%,summary,Mean excluding the lowest spike load,,,
SID0065-S01,SID0065,size,105,145,µm,reference,PE model particles,,,
SID0065-S02,SID0065,size,100,100,µm,reference,Approximate PS and ground PP/PET sizes,,,
SID0067-S01,SID0067,size,2.09,2.09,µm,summary,Week 1 minimum PS size,,,
SID0067-S02,SID0067,size,3.11,3.11,µm,summary,Week 1 minimum PE size,,,
SID0067-S03,SID0067,size,2.42,2.42,µm,summary,Week 6 minimum PS size,,,
SID0067-S04,SID0067,size,5.92,5.92,µm,summary,Week 6 minimum PE size,,,
SID0087-S01,SID0087,size,34,50,µm,reference,HDPE,,,
SID0087-S02,SID0087,size,1000,1000,µm,reference,ABS/EPS/PP,,,
SID0098-S01,SID0098,size,1160,1160,µm,reference,Mean fiber length,,,
SID0098-S02,SID0098,size,25.8,25.8,µm,reference,Mean fiber diameter,,,
SID0098-S03,SID0098,size,50,200,µm,reference,Particle standard,,,
SID0098-S04,SID0098,size,0.1,0.1,µm,operational,Operational NP definition <0.1,left,,
SID0098-M01,SID0098,mass,221000,221000,µg/sample,summary,Mean cumulative 7-day fecal excretion of fibres; not an analytical recovery,,unspecified,95500
SID0098-M02,SID0098,mass,188000,188000,µg/sample,summary,Mean cumulative 7-day fecal excretion of granules,,unspecified,92600
SID0098-M03,SID0098,mass,2080,2080,µg/sample,summary,Mean cumulative 7-day fecal excretion of NPs,,unspecified,623
SID0098-M04,SID0098,mass,0.896,0.896,µg/mL,summary,Day-7 serum; converted µg/L → µg/mL,,unspecified,
SID0100-S01,SID0100,size,0.025,0.025,µm,reference,PMMA,,,
SID0100-S02,SID0100,size,0.25,0.25,µm,reference,PLA,,,
SID0100-S03,SID0100,size,0.366,0.366,µm,reference,MF,,,
SID0100-S04,SID0100,size,2,2,µm,reference,PLA,,,
SID0105-S01,SID0105,size,20,210,µm,reference,Starting particles,,,
SID0105-S02,SID0105,size,3000,4000,µm,reference,Starting material,,,
SID0105-S03,SID0105,size,30,250,µm,observed,Released fragments,,,
SID0107-S01,SID0107,size,0.1,0.1,µm,reference,Nominal PS size,,,
SID0107-S02,SID0107,size,0.75,0.75,µm,reference,Nominal PS size,,,
SID0107-S03,SID0107,size,0.722,0.76,µm,reference,PS measured by SEM; NanoPET mean / upper bound only,,,
SID0110-S01,SID0110,size,0.1,0.3,µm,reference,PTFE,,,
SID0110-S02,SID0110,size,10,10,µm,reference,PTFE,,,
SID0110-S03,SID0110,size,25,25,µm,reference,PS,,,
SID0110-S04,SID0110,size,89,89,µm,reference,PET,,,
SID0111-S01,SID0111,size,0.96,0.96,µm,reference,Manufacturer mean diameter,,,
SID0117-S01,SID0117,size,0.16,0.16,µm,reference,Mean 160 ±7 nm; not min–max,,,
SID0128-S01,SID0128,size,0.3501,0.3501,µm,summary,PVC mean hydrodynamic size after extraction,,,
SID0128-S02,SID0128,size,0.5134,0.5134,µm,summary,PMMA mean hydrodynamic size after extraction,,,
SID0128-M01,SID0128,mass,104.0,104.0,µg/g,estimated,Organ × PVC/PMMA mean; see original record for group mapping,,predicted dry,
SID0128-M02,SID0128,mass,148.0,148.0,µg/g,estimated,Organ × PVC/PMMA mean; see original record for group mapping,,predicted dry,
SID0128-M03,SID0128,mass,36.0,36.0,µg/g,estimated,Organ × PVC/PMMA mean; see original record for group mapping,,predicted dry,
SID0128-M04,SID0128,mass,105.0,105.0,µg/g,estimated,Organ × PVC/PMMA mean; see original record for group mapping,,predicted dry,
SID0128-M05,SID0128,mass,12.0,12.0,µg/g,estimated,Organ × PVC/PMMA mean; see original record for group mapping,,predicted dry,
SID0128-M06,SID0128,mass,2.0,2.0,µg/g,estimated,Organ × PVC/PMMA mean; see original record for group mapping,,predicted dry,
SID0128-M07,SID0128,mass,21.0,21.0,µg/g,estimated,Organ × PVC/PMMA mean; see original record for group mapping,,predicted dry,
SID0128-M08,SID0128,mass,13.0,13.0,µg/g,estimated,Organ × PVC/PMMA mean; see original record for group mapping,,predicted dry,
SID0128-M09,SID0128,mass,12.0,12.0,µg/g,estimated,Organ × PVC/PMMA mean; see original record for group mapping,,predicted dry,
SID0128-M10,SID0128,mass,4.0,4.0,µg/g,estimated,Organ × PVC/PMMA mean; see original record for group mapping,,predicted dry,
SID0128-M11,SID0128,mass,53.0,53.0,µg/g,estimated,Organ × PVC/PMMA mean; see original record for group mapping,,predicted dry,
SID0128-M12,SID0128,mass,110.0,110.0,µg/g,estimated,Organ × PVC/PMMA mean; see original record for group mapping,,predicted dry,
SID0128-M13,SID0128,mass,20.0,20.0,µg/g,estimated,Organ × PVC/PMMA mean; see original record for group mapping,,predicted dry,
SID0128-M14,SID0128,mass,98.0,98.0,µg/g,estimated,Organ × PVC/PMMA mean; see original record for group mapping,,predicted dry,
SID0128-M15,SID0128,mass,6.0,6.0,µg/g,estimated,Organ × PVC/PMMA mean; see original record for group mapping,,predicted dry,
SID0128-M16,SID0128,mass,14.0,14.0,µg/g,estimated,Organ × PVC/PMMA mean; see original record for group mapping,,predicted dry,
SID0128-M01,SID0128,mass_recovery_reported,81.8,81.8,%,estimated,PVC in clam; luminescence-estimated mass recovery,,,
SID0128-M02,SID0128,mass_recovery_reported,76.6,76.6,%,estimated,PVC in tiger barb; luminescence-estimated mass recovery,,,
SID0128-M03,SID0128,mass_recovery_reported,83.6,83.6,%,estimated,PMMA in clam; luminescence-estimated mass recovery,,,
SID0128-M04,SID0128,mass_recovery_reported,70.1,70.1,%,estimated,PMMA in tiger barb; luminescence-estimated mass recovery,,,
SID0142-S01,SID0142,size,90,106,µm,reference,Input particles; area not converted to diameter,,,
SID0154-S01,SID0154,size,1,5,µm,reference,Polymer A,,,
SID0154-S02,SID0154,size,40,47,µm,reference,Polymer B,,,
SID0163-S01,SID0163,size,0.05,1,µm,reference,Nominal material size,,,
SID0163-S02,SID0163,size,0.084,1.63,µm,summary,Range of mean DLS sizes across treatments,,,
SID0164-S01,SID0164,size,0.015,0.1,µm,reference,Nominal material size,,,
SID0165-S01,SID0165,size,0.7,9.17,µm,summary,Dw by formulation,,,
SID0165-S02,SID0165,size,0.72,9.19,µm,summary,Dn by formulation,,,
SID0166-S01,SID0166,size,63,63,µm,reference,<63 sieved fraction,left,,
SID0166-S02,SID0166,size,63,125,µm,reference,Sieved material; post-sonication quantiles separate,,,
SID0166-M01,SID0166,mass,4,22,µg/individual,observed,"P3HB, 125 µm fraction",,unspecified,
SID0166-M02,SID0166,mass,3,34,µg/individual,observed,"P3HB, 63 µm fraction",,unspecified,
SID0168-S01,SID0168,size,40,48,µm,reference,Supplier size,,,
SID0168-S02,SID0168,size,0.02,0.15,µm,observed,AFM feature height; not particle diameter,,,
SID0177-S01,SID0177,size,0.098,0.505,µm,reference,TEM model nanoparticles,,,
SID0179-S01,SID0179,size,0.05,0.35,µm,reference,Au-PE/PVC,,,
SID0179-S02,SID0179,size,0.1,0.4,µm,reference,Au-PP,,,
SID0186-S01,SID0186,size,0.05,0.35,µm,reference,SEM plastic particles; gold-equivalent diameter excluded,,,
SID0201-S01,SID0201,size,0.025,0.025,µm,reference,Nominal PS size,,,
SID0201-S02,SID0201,size,1,1,µm,reference,Nominal PS size,,,
SID0207-S01,SID0207,size,618,618,µm,summary,Mean polyester length,,,
SID0207-S02,SID0207,size,566,566,µm,summary,Mean PA length,,,
SID0207-S03,SID0207,size,412,412,µm,summary,Mean cotton length; non-plastic,,,
SID0215-S01,SID0215,size,0.25,0.25,µm,reference,Nominal diameter,,,
SID0217-S01,SID0217,size,0.1,1,µm,reference,Nominal material size,,,
SID0226-S01,SID0226,size,500,5000,µm,reference,Method-test material,,,
SID0229-S01,SID0229,size,0.2,10,µm,reference,Reference material in water,,,
SID0229-S02,SID0229,size,1,1,µm,reference,PS in fish tissue,,,
SID0229-S03,SID0229,size,6,6,µm,reference,PS/PMMA in fish tissue,,,
SID0243-S01,SID0243,size,0.015,0.018,µm,reference,Smallest exposure material,,,
SID0243-S02,SID0243,size,400,400,µm,reference,Approximate larger exposure material size,,,
SID0243-S03,SID0243,size,1,1,µm,observed,PS detected in tissue,,,
SID0243-S04,SID0243,size,20,20,µm,observed,PS/PMMA detected in tissues / excreta,,,
SID0254-S01,SID0254,size,0.5,0.5,µm,reference,Nominal contact-experiment size,,,
SID0254-S02,SID0254,size,1,1,µm,reference,Nominal size,,,
SID0257-S01,SID0257,size,3,2000,µm,reference,Plastic spikes in fish tissue,,,
SID0257-S02,SID0257,size,3,7000,µm,reference,All spike materials; includes non-plastics,,,
SID0259-M-ug_per_mL,SID0259,mass,0.01594,3.63,µg/mL,observed,,,results,
SID0261-S01,SID0261,size,0.7,20.0,µm,observed,,,,
SID0261-M-ug_per_mL,SID0261,mass,0.038,6.923,µg/mL,observed,,,results,
SID0262-S01,SID0262,size,0.72,7.02,µm,observed,,,,
SID0263-S01,SID0263,size,0.45,0.45,µm,observed,,,,
SID0263-M-ug_per_g,SID0263,mass,0.01407,15310,µg/g,observed,,,results,
SID0264-S01,SID0264,size,0.04,5.0,µm,observed,,,,
SID0264-M-ug_per_g,SID0264,mass,0.003522,47730,µg/g,observed,,,results,
SID0265-S01,SID0265,size,15.0,4811.0,µm,observed,,,,
SID0266-S01,SID0266,size,50.0,500.0,µm,observed,,,,
SID0267-S01,SID0267,size,20.0,500.0,µm,observed,,,,
SID0268-S01,SID0268,size,1.031,6.842,µm,observed,,,,
SID0269-M-ug_per_g,SID0269,mass,0.17,32.81,µg/g,observed,,,results,
SID0270-M-ug_per_g,SID0270,mass,5.1,1718.8,µg/g,observed,,,results,
SID0274-M-ug_per_mL,SID0274,mass,0.008,0.986,µg/mL,observed,,,results,
SID0276-M-ug_per_g,SID0276,mass,0.01,29.98,µg/g,observed,,,results,
SID0278-S01,SID0278,size,10.0,500.0,µm,observed,,,,
SID0278-M-ug_per_g,SID0278,mass,0.08,13.01,µg/g,observed,,,results,
SID0280-S01,SID0280,size,100.0,500.0,µm,observed,,,,
SID0281-M-ug_per_g,SID0281,mass,34.03,269.04,µg/g,observed,,,results,
SID0282-M-ug_per_g,SID0282,mass,0.87,114.5,µg/g,observed,,,results,
SID0284-S01,SID0284,size,10.0,10.0,µm,observed,,,,
SID0284-M-ug_per_g,SID0284,mass,13.56,21.36,µg/g,observed,,,results,
SID0285-S01,SID0285,size,1.0,1.0,µm,observed,,,,
SID0285-M-ug_per_g,SID0285,mass,2.951,200.2428,µg/g,observed,,,results,
SID0286-S01,SID0286,size,20.0,500.0,µm,observed,,,,
SID0286-M-ug_per_g,SID0286,mass,0.58,59.79,µg/g,observed,,,results,
SID0287-S01,SID0287,size,20.0,500.0,µm,observed,,,,
SID0287-M-ug_per_g,SID0287,mass,2.535,5369,µg/g,observed,,,results,
SID0288-S01,SID0288,size,20.0,500.0,µm,observed,,,,
SID0288-M-ug_per_g,SID0288,mass,0.01,67.02,µg/g,observed,,,results,
SID0291-S01,SID0291,size,100.0,200.0,µm,observed,,,,
SID0291-M-ug_per_g,SID0291,mass,0.09083,219.2,µg/g,observed,,,results,
SID0295-S01,SID0295,size,0.008,1.0,µm,observed,,,,
SID0296-M-ug_per_g,SID0296,mass,0.26,20.9,µg/g,observed,,,results,
SID0297-M-ug_per_g,SID0297,mass,0.33,92.05,µg/g,observed,,,results,
SID0299-S01,SID0299,size,0.7,0.7,µm,observed,,,,
SID0299-M-ug_per_g,SID0299,mass,0.35,8.8,µg/g,observed,,,results,
SID0300-S01,SID0300,size,0.001,5000.0,µm,observed,,,,
SID0300-M-ug_per_g,SID0300,mass,0.12,2.91,µg/g,observed,,,results,
SID0302-M-mg_per_g,SID0302,mass,2.36,695.94,mg/g,observed,,,results,
SID0303-M-ng_per_mL,SID0303,mass,8.7,38000,ng/mL,observed,,,results,
SID0305-S01,SID0305,size,20.0,50.0,µm,observed,,,,
SID0305-M-ug_per_g,SID0305,mass,2.0874,50.83,µg/g,observed,,,results,
SID0306-S01,SID0306,size,1.0,1.0,µm,observed,,,,
SID0306-M-ug_per_g,SID0306,mass,1.36,3.28,µg/g,observed,,,results,
SID0307-S01,SID0307,size,1.0,1.0,µm,observed,,,,
SID0307-M-ug_per_g,SID0307,mass,0.56,20.28,µg/g,observed,,,results,
SID0308-S01,SID0308,size,20.0,50.0,µm,observed,,,,
SID0309-S01,SID0309,size,20.0,20.0,µm,observed,,,,
SID0310-M-ug_per_mL,SID0310,mass,0.08,3.91,µg/mL,observed,,,results,
SID0312-M-ug_per_g,SID0312,mass,2.029,3234,µg/g,observed,,,results,
SID0313-S01,SID0313,size,100.0,4334.0,µm,observed,,,,
SID0314-S01,SID0314,size,3.66,10.0,µm,observed,,,,
SID0315-M-ng_per_mL,SID0315,mass,5.735,827,ng/mL,observed,,,results,
SID0316-S01,SID0316,size,20.0,150.0,µm,observed,,,,
SID0319-S01,SID0319,size,4.0,500.0,µm,observed,,,,
SID0319-M-ug_per_mL,SID0319,mass,0.01,175.11,µg/mL,observed,,,results,
SID0320-S01,SID0320,size,5.0,10.0,µm,observed,,,,
SID0325-M-ug_per_mL,SID0325,mass,0.009,185.084,µg/mL,observed,,,results,
SID0326-S01,SID0326,size,100.0,100.0,µm,observed,,,,
SID0327-S01,SID0327,size,20.0,50.0,µm,observed,,,,
SID0327-M-ug_per_g,SID0327,mass,0.2303,17.59,µg/g,observed,,,results,
SID0330-M-ug_per_mL,SID0330,mass,0.1738,225.4,µg/mL,observed,,,results,
SID0331-S01,SID0331,size,1.0,1.0,µm,observed,,,,
SID0332-M-ug_per_g,SID0332,mass,0.087,10.07,µg/g,observed,,,results,
SID0335-S01,SID0335,size,20.0,100.0,µm,observed,,,,
SID0337-M-ug_per_mL,SID0337,mass,0.03067,106.3,µg/mL,observed,,,results,
SID0339-M-ug_per_g,SID0339,mass,19.03,174.89,µg/g,observed,,,results,
SID0340-M-ug_per_g,SID0340,mass,0.08,71.22,µg/g,observed,,,results,
SID0341-M-ng_per_g,SID0341,mass,37,82000,ng/g,observed,,,results,
SID0342-M-mg_per_g,SID0342,mass,0.1177,22.2361,mg/g,observed,,,results,
SID0343-M-ug_per_mL,SID0343,mass,0.098,56.188,µg/mL,observed,,,results,
SID0344-M-ng_per_g,SID0344,mass,2.1,545.9,ng/g,observed,,,results,
SID0346-M-ug_per_g,SID0346,mass,0.51,345.57,µg/g,observed,,,results,
SID0346-M-ug_per_mL,SID0346,mass,0.01,6.49,µg/mL,observed,,,results,
SID0347-S01,SID0347,size,2.0,100.0,µm,observed,,,,
SID0349-S01,SID0349,size,1.0,20.0,µm,observed,,,,
SID0350-M-ug_per_g,SID0350,mass,181,290.3,µg/g,observed,,,results,
SID0355-S01,SID0355,size,100.0,500.0,µm,observed,,,,
SID0356-S01,SID0356,size,3.0,2000.0,µm,observed,,,,
SID0361-S01,SID0361,size,5.0,5.0,µm,observed,,,,
SID0363-M-ug_per_g,SID0363,mass,2.18,4.14,µg/g,observed,,,results,
SID0363-M-ng_per_mL,SID0363,mass,1.32,13.76,ng/mL,observed,,,results,
SID0368-S01,SID0368,size,100.0,5000.0,µm,observed,,,,
SID0369-S01,SID0369,size,10.0,200.0,µm,observed,,,,
SID0370-M-ug_per_mL,SID0370,mass,4.2,96.2,µg/mL,observed,,,results,
SID0372-S01,SID0372,size,3.0,29.5,µm,observed,,,,
SID0373-S01,SID0373,size,10.0,200.0,µm,observed,,,,
SID0375-S01,SID0375,size,15.49,51.98,µm,observed,,,,
SID0378-S01,SID0378,size,1000.0,5000.0,µm,observed,,,,
SID0380-S01,SID0380,size,1.0,497.0,µm,observed,,,,
SID0381-S01,SID0381,size,4.04,64.29,µm,observed,,,,
SID0382-S01,SID0382,size,7.9,938.0,µm,observed,,,,
SID0383-S01,SID0383,size,25.4,407.4,µm,observed,,,,
SID0384-S01,SID0384,size,1.17,112.63,µm,observed,,,,
SID0384-M-ug_per_g,SID0384,mass,0.72,69.82,µg/g,observed,,,results,
SID0385-S01,SID0385,size,37.0,280.0,µm,observed,,,,
SID0386-S01,SID0386,size,20.0,500.0,µm,observed,,,,
SID0387-S01,SID0387,size,1.23,6.98,µm,observed,,,,
SID0389-S01,SID0389,size,1.0,100.0,µm,observed,,,,
SID0392-S01,SID0392,size,20.0,20.0,µm,observed,,,,
SID0396-S01,SID0396,size,4.0,10.0,µm,observed,,,,
SID0405-S01,SID0405,size,0.5,13.0,µm,observed,,,,
SID0406-S01,SID0406,size,6.8,500.0,µm,observed,,,,
SID0407-S01,SID0407,size,20.0,100.0,µm,observed,,,,
SID0407-M-ug_per_g,SID0407,mass,7.132,94.81,µg/g,observed,,,results,
SID0408-S01,SID0408,size,30.0,4812.9,µm,observed,,,,
SID0409-S01,SID0409,size,300.0,1600.0,µm,observed,,,,
SID0410-S01,SID0410,size,30.0,100.0,µm,observed,,,,
SID0411-S01,SID0411,size,20.0,500.0,µm,observed,,,,
SID0412-S01,SID0412,size,10.0,10.0,µm,observed,,,,
SID0413-S01,SID0413,size,1.0,29.0,µm,observed,,,,
SID0417-S01,SID0417,size,50.0,250.0,µm,observed,,,,
SID0418-S01,SID0418,size,10.0,10.0,µm,observed,,,,
SID0419-S01,SID0419,size,2.1,18.5,µm,observed,,,,
SID0420-S01,SID0420,size,40.0,3165.0,µm,observed,,,,
SID0423-S01,SID0423,size,1.2,50.0,µm,observed,,,,
SID0424-S01,SID0424,size,10.0,40.0,µm,observed,,,,
SID0425-S01,SID0425,size,20.0,500.0,µm,observed,,,,
SID0426-S01,SID0426,size,20.0,500.0,µm,observed,,,,
SID0428-S01,SID0428,size,50.0,50.0,µm,observed,,,,
SID0430-S01,SID0430,size,5.9,204.7,µm,observed,,,,
SID0431-S01,SID0431,size,10.0,5000.0,µm,observed,,,,
SID0432-S01,SID0432,size,51.53,4789.1,µm,observed,,,,
SID0348-S01,SID0348,size,0.2,10.2,µm,observed,,,,
